scaffold16_cov191;1462879;exon;TGATAGTAGCCGCCTGGATCACTTACTGTGCCTGCAGGAGCCTTGCACGGGTTCTGCTCTTCCTTTCCTCCTCAAACTCCCTTCCTCCATTCTGGCAGACCCTTGCCACTGTGGTCTCTGGCACTGGAACCATGGGTAACAGCTGTGTGTGCCGGGAGGACAGTGACTTGGAGGACCATCACCATGGGTCGACAAGGGCAACCCGAGGACAAGCTCGACGGGTGGATCATGCTACAGCCGCAGGTGTTGATGCTGGAGAGGCTCGGAGCAGTCGGCCAAGGGACCCAGTCAGACCACCACGCCGAGGGCGAGGGCCTCATGAACCAAGAAGGAAGAAGCAGAATGTAGATGGCCTGGTGCTGGACACGCTGGCTGTCATCAGGACACTTGTAGACAA
scaffold19_cov179;1047751;exon;GAGTTCTCTACCTGAAAGGAGCACATAAGGGACTCGTCCACACTCATCATGCCGCCCGCGTTGTCAAACTCCCCGCAGTAGTTGGGGGCTGAGAACAGCGTCACCAGCTGTCGTTTGGCAAAGAACTCGTAGCCGTCTTCAACAAC
scaffold21_cov188;4057819;exon;ACCGTCCAGCCATGCAGCTCTATCAGCCAGGCGCACGCAACAGGAAGCGCATGAGCTCCGCGGGCAAAGGCTACGACTGCATCCCTGTGGGCCACTCACCTGAACCTGGGACAGAGCACTGTTATGAGGTCGTCACCATGGCAACGGGGCTGGAGAAGGGGTTCGAGAAAAGCAAAGATGAACTG
scaffold31_cov171;432284;exon;TGAGCTGCTCTGAGCTGCAGTCGTGTTTGTAGCGTTTGGGGTAGAAGCGCTCTAAGGCCTGCAGGAGGATCAGCTGAGCTTTAGGCTGAGGAGAGCCGGTGGGAGACGAGGCAGCCGGTCGCTCCAAATCACCGTGTTCAAC
scaffold32_cov191;9212590;exon;TCACCCAGTGCGGAGGAGGATCTCTGTGTGGGGGTGTGGTGCAGTAACTCTGGGTATCTGGCTTTTATCTCTGGCCCTGGCTGCACCTCCATCTCTCTACACACGCTACCTGGACCTGCGACCCACTGGCATTGACCTGGTAGTGTGTGAGGAGTTTTGGCCGAATAGTGGAAACCTGCGGCTGGTCTACTCTTGCTTCATTCTCGCAACCTCTTATATGATCCCCCTGCTGTCAGTCAGCATATCTTACTGTGCCATCACTGTCAGTCTAAAACGCTATTCTGTACCCGGGGAGCTGTCCAATAGCCAGCAGCGCTGGAGCCAAAGGAGGAGGAGGACCTTCACTCTGCTTGTGGCCTCAGTGCTGGCTTTTGCCCTGTGTTGGCTGCCCCTGCAG
scaffold45_cov184;17495104;exon;GCAAGCAGAGCTCATCGTTGTCGGATCGAGACACAGCGGAGGAGGACTCGGACCCTTTAGATGACTGCGGCGGGTTCTGGAGGGTGCAGCGGAGGCTGCAGGAGGAGGCCCGGGTGGCGCTGGCTCTGGCTCGACCCATGGCACGCATGCAGGTGGAGGTGGAAAGGCAAATCCAGCTGCACAGACGCTCACCTGTGGCTGACTTG
scaffold117_cov198;4302807;exon;CTGTAGTCGCTGGCAGTGACATAGAAAATGGGCTGGAAGGCGAGCCAGATGATGCAGGTGGTGTACATGGTGAATCCGATGAACTTGGCCTCGTTGAAGTTCTCGGGGCACTTCCGCGTCTTGAAGGCGTAGACAGTGCAGAGGATGATGAGGATGCAGTTGTAGGTGAGTGACATGAGCATGCTGGAGTCCCTGCTGTTGCACTTGAGGGTGACCACGTCTCTCCTCTCCGGGCTCACCTCCTTCCGAACCCCTGGCACCTCCACCAACAGCCAGATAAGAGCCACCAGCAGCTGGCAAGAGATAAGAGCGCCGCAGATCGCTACCTGGGAGGCGGGGCTGATGAAGCGTGGCCGCTGGGCTCCGTCTTTCACGCCGCTGAAGATACGAGCGATGCGGTTGGTCTTGGTAAGGAGGGCTGAGTAGCACACTGCGAAGGAGGTACCCAGGCCGAGTCGGCGCAGGGTGCAAACAGCGGTGGAGGGTTTGGCGATGTAGATGAAGGTCATGAGGTAGCACATCAGCACTCCCAACAGGAGGATGTAAGAGAGTTCACGGCCGCTTGCTTTAACCACAGGCGTCTCGTTGTGCTTGAAGAACAGGCCCACTACTGACAGAGCGCACAGTATACCAAGGCAGGAGATGGTGACAGGCCCGATGGCCCAGGCATCCTCCCAGCGGATGTATTCTTCAGGCAGATCATAGCAGCCGGTCAAGTTAGCCAGCGGCCACTGACCGAAGCTGCAGTCTGCACAGGTGAACTCGTCCTGCAGGTACTGGTAGGGCTGGCAGGGGATACAGATCCAGCAGCACACGTCTCCGGGCTGCATACTCTTCACCTCGTTCTTCCTGCAGGGGTCGCTGCACTGGGAGGTGGGCGGCGAAAGGCCACGCCAGTGCACCATGCTGTTGTTCAGGGTCAAGTTGTGGTCCCAGTAGCCGACCTTCTTGTAGATGAACTTCCCGTCTTCTTTGTGGTAATGAAAGATGTTGTAGCGGCTGATGCTGTCGCCGAAAGCATCGAAGCGCACCATGCTCTCTGCTTCTGTAGGTCTGAATGGAG
scaffold159_cov155;427727;exon;CGGAGCTGTTTTACTGAGGAACTGTTGGTGTCGGTGAAGCGACGCAGATCTGGTCCAGTGCTGCTCCACCAGCCGCAGAACACCTCCGAGCACCACCGACAGCTCCGCCACACCAACACACCGACGCTCTGAAACACACCTGCACACAGGTGAGCGGGGTACCGGGTCACACGACCAGACAGGAACACACTTGGTGTTGACCTGCAGAGACCCAGTCCAGGTGTCAGACCGGGTGTGGACCCGCCCATCCCCGAGGAGCCGGAGGCCTCGCTGACTTCCTGCAAGAGTCGAGTGACATCACAGAGATCTATGTTTCCTGTGGCAGCGCTGCCTCCTGCTGGTGAGT
scaffold167_cov210;3482;exon;GGCAGCATCCTTCAAGGACCCGTCCTTCGCCGCCAGCAAAGGCAGGGTCCTTCAGAGAGACCTGCAGGCAGCGTCAGCCTGTTGTGAAATTGGACAGTCTACCCTTCGCAGCATTTCCTGGTTGCGAG
scaffold197_cov171;1192473;exon;GTGATTCAGTCAAACAAATATCTCACTTCCCCGTTTTCTTGTTTTTCCACTCGCAGGGAGCTGATGCCCAAGACCCTGGAGGGCCAGATCACCATGGAGAAAACCCCCAGCTACTTCGTGACCAGAGAGGCTCCAGCCAGGATCTCCGCCATGTCCCGGGACACCAAGCTGATCGTGGTGGTGAGGGACCCGGTCACCAGGGCCATCTCGGACTACACGCAGACTCTGTCCAAGAAGCCCGACATTCCCTCTTTCGAGAGCCTCACCTTCAAAAACAGGACTACCGGGCTCATCGACACCTCGTGGAGCGCCATCCAGATCGGCATCTACGCCAAGCACCTGGACAACTGGCTGCAGTACTTCCCCATGGGCCAGATCCTGTTCGTGAGCGGCGAGCGCTTGATCACCGACCCGGCCGGGGAGCTGGGCCGCGTGCAGGACTTCCTGGGGCTCAAGAGGATCATCACAGACAAACACTTTTACTTCAACCAGACCAAGGGTTTCCCGTGCCTCAAGAAGGCCGAGGGCAGCAGCAAGCCCCACTGCCTGGGCAAAACCAAAGGCCGGACCCACCCAAACATTGACCCGGAGGTGGTGCAGAGGCTACGGGACTTCTACCGGCCCTTCAACATGAAGTTCTACCAGATGACGGGCCGGTTCTTCGGCTGGGAAGAC
scaffold243_cov178;1122231;exon;AATGACAAGGTCCCTGGCTGAGGCGAGCACCAGAGAGCTGGTAAGTGCGACTCCATACAGCGTGAAGCGGGATGAAGTGGTCCTCAGACTGCCGTAGTGAAGCAGCCAAATGAGGCCACAGCACAGGCAGAAGTACACAGGCCGGCTGTATGCGATGATACGATTATGGCC
scaffold255_cov191;228197;exon;TCTGGCCCAGGTTGGGACCGGGAAGGGGACGTAACCTTCAGAGAAGAGCAGCAGGACGCTGGAGGACACGGCGCCGAATGCAAACCCATAGGACCACCGATTACTCAGGCTGCCTATAGTGTCTAAAGGA
scaffold353_cov184;3925041;exon;TGCTGTTGTCACCCTCTGCTCTCTTGATGAAAGATCTCAGCTCCTGGTTGGAGGCTTGGATGGCCTCTTTCTCTCTGGTCTCATCACCCAAGAGCCTTCTCAGGTCCAGGGCTTCTTTTCGTTGTTTGTCCCGATCCTGGGCACAATCCTGGAGCTCTCTGTGAGTCTCAATAAGCTCCCTCCGCACTTTAACAAGTTCATCCTCTGCCTCCTGCAGCTGCCGGCGAAGGCCCTCTAA
scaffold446_cov168;197795;exon;TGCTAATTTCCTCAGCTTTCTTCTCCAGCTCTGCATCCTTCTGAGCGATGGCTTCATGCGCCACAGCCAGCAGCTCCCTGCGTCTTTCCACCTCCCTGCGCCGGGCCTCCTGGACCGCTTGGCTTTCCTCCTCCTCCCGCCGCTCCTGTGCCTCCTGCAGGCTCTTCTGCAGAGATGTCACCTGGGCCTCCTTTTCCAGCAGCTTTTTCTGCAGCTCTGCCTCTCTCTCTGCTGACGCTTTTGCCATGTCTGCTAGCTTCTCCTCCACCTGTCTGTCCTTTTCATTTAGCATTTTTTCATCTCCTTCAGCAGCTAGCTGAGCTTCAGTTTTGCTCGGAGACTCCTTCGTTTGTTCCATGTTTATAACCTTTGCCCTCAGGGATGCAACCTCATTCTGAAGATCAGCGTTCAACCTCTTGAACTCTTCTTCTTCAGCAGCCGAGCTGGAGGAACTGTTTGAACCTTTACACCGAGCTTCTTCTATTTCGGCCCTCAGCAGCTCTGCAGTTCGCTCCTGCTCACTGAGCTTTTGCTTAAGATCATCTAAAAGTTTACCAGAGGTTACTTTTTGTTCACTTAGGTTGTGTTTTAACTCGTCCAGTTGCTGTTGAGATATCACTTCTTGCTCATGCAGCTTCTTATTGAGCTCCTCTACCTGTTTTTTCGAGGCCTGTGTTTGTTCTTCGAACTTTGTTTTCAGCTGCTCTACTTCCTCTCTAGAAGCACGTTCTTGGCATTCCAGCTTGGATCTGAGCTCATCCAGGCGCTGGTGGGATACATTTTCTTGCTTCTGGAGTTTTGTTCTCAGTTCTTCAACTTGCTGCTTTGAAGCTGCTTCTTGATGATTCAGCTGTTCCAGCTGCTGGTCAGAGATCAGCTGTTTGTGTGCCAACTGTTCTTTTGCCTGAGCTAGCTCATGCTGCAGCTCCAGGATTTGTCTGTGCTTGCTCTCATTTGTCTCCTTTTCCTCATCCAGATTCCTCCTCAGCTCTGACACTTCCTCACTCAGCTGATCATTGTCACCACATGATCCTGCTGAAGGCTGCACTTCCTGTTTAAGACTTTGAACTTCATGCGTCAGGGTGTGGATCTGGGTAGTTTTCTTCTGCATCTCCTTGGAGTGTTCGTCCAGCTGTGCCTGAGCAGTTTGGAGTTGGACCAACGCTTGTTCAGCTCTCTCCATCTCAGTGGTCAC
scaffold468_cov176;801411;exon;TGGGCTCACAGGAAGGCAGCAGCACGGGTTCAGGGCGACACTTCCCAGCGCGCAGGATCCTCAATTTACGTAGGAAATGCAGCTGGACACCTCGCAATGAACCG
scaffold568_cov160;470257;exon;TCCATCGCTTGACTAATCCTGGGAGTGTTTTTCAGAGAGATGACTGCAGGGATGATGTTGAGGCCTCGGTACTCCATCATGGCGGTGACGATGTCATTAACATCCTGTGAAGGCCCGTTGGACAGGAAGACGGCCACCTTCCTCATCATCAACCCTGATCGGACACGCTTAAAGACGTTCTGACCCACGAAGCGCATGGCGGTCCCCAGCTGGCGTTGGTTGGCCGTCCTCTCCAGGGCGATGTTCTTCACCAGGTCGATCAGCTGATTCTTGCGGCGGTAGTCCTGGAAGCGGATCAGATACTTGGCGTAGCTGCTGTATCCCACCACAGCGACGCGGGCGCCCGTCGGACAGTTGCTCTCAGTGATGGCGACGTCCTCCAACAGCGACAGGAGGGCGGAGCGCTGCCTCTCAAAGGCTGCCGGCGTCACGTCGCTGGACATGTCCAGACCGAACACCAGCTCGGTGGGGAAGGCCGGACACTCTGAACGAC
scaffold729_cov181;297092;exon;CCTTGCATGGGACAACCAAAAGTTAACACCCTGTGACTGCCTGACTGGTGCCCTGGTAAAGGCCGCATGAGGTTGTGGCGCAGCGGGAAGGCCTCATCCGCCACAAAAACATATGGCCGTCGTCCCATATGCTCAGCCCCTGGTAGCAGAGCATCCAGTGGCAGGCCAAGGATCCCATCCAGCAGCTTCTGGCCAAAGTTGGAGGTTGCTGGTCCTCCCATAGCTGCCCACATCCACTCTGAGTCCACAACTGCAAGGAGCACGATGGAGTAGGTCCCCTTGTAGTTGTAGAAAAGAGACCCGGAGTTATCTGGGGATCTGATGACTACATGCTTCCCGTCAATGGACCCGAGGCAGTTGGGGAAGGCCCACTGGCGACGGAAGCCCTCTGCAATGCTCCTCCAGTCCTCTGTGGTGGGCACTGGCATGAACTCCGGACCAAGGCATCCCAT
scaffold980_cov162;207157;exon;CTCCACAGAGCTTCCTAAGCGCCTCTCCATGGACAGCTCCTCCTCCCTGGAGTCCCTGTCATCCTCCCAGTCGGCGTCCCAGCCTCACTCCCTCCCCCTCTCCTTCGGGTGTTACCCCCCTCAGCCCTCCTTCCTCCCCCCGGTCTGCCCCGACAACCTCTCCTGCGACGCCATCTCCGTCTACAGCCTCAGCTCCCTCGCCTCCTCCCTCAGCTTCCTGTCTCGGCCTGAGCCCGCAGGAAGCGACATCATCAGCCAGCGCTCACATCAGCAGGACCTGGAGAGACCTCGCGGGGGAGGCGGCCTGTACGCCTCGCACCGCCAGTCAGGCGGCCTGCAGAGAGGTCGACTGACCAACCACGGAGGAGGGTTAGCAGGGGAAGGGGAGGACGATGAGTACGAGGGGTACTCCATCATCAGCAGCGAGCCTTTGGGGCGAGGGAGGCGGGACTGTGACACGCTGCCGCTGCCTGCAGGACACCGTCAGGGCCGCGGCGGCGCTGGGAGAGGGTCAGCCGGCGGTCACGGGTACCCTGTCACCATTTCCTCCAAGGGAAGCATCAGCACACCTACGTCTCCGATCAAAGCTCCTCCGCCGCTGCCGCCGAAGGTTCCTGCCAGCCCCAAACCCAAACAGGAAGT
scaffold1124_cov207;1080826;exon;TGGCAGTGGAGCGCCTGCTGAAGATGAAGGCTCTGTCTCAGCCAGTAGAGGGAGGCTCCAGTGGTCAGTCAGCCACTGTGGTGGGTGCTATGGGTTACAGGGTGAGTTCCCCCGGCCTCAGCCCCCCTCCAGAGCCCCTGTCAGAGGCTGCCCTGGGAATCGCCAGCCACCTTCAGGCAGGTGGGGCCAGCTGTCCCTGGGAGGAGTGGACCCCTGTCCCTCTCCCTGCCATGTACTGTGAGCTCTACTCCTTCTTTGGCGACAGCCTGGCTGTCAGGTTCAGTACGGGACCCAACTTTGGTAGCTTCCCTACCTGCACCCCGTCCCAGCTCGGAGATGCCAGGAAGGAAGCCCCTGGCCCTGCCTCCAACCCTGACACCACCCGAAAGATGCCACAGCTGACTGCCAACCTCAACATTAGCCCCAGGCAGGACGGGAGTCCTCGCACTGATCCACCCCCACCCAGCCTGGCAGTGACCGGAGCAGGAAG
scaffold1921_cov177;244010;exon;TGCAGGGTAAAGATGGAGGACACTGGTTTGTGGTCACTGACGGTGTATTCCATGTAACTGCGATAGTAGTGCTGCGTGACTTTGACCCCGCTGGTCAGCCCCGACATGGAGCCACGCTTCCCTGCGCTCAGCGCCGTGCCTGCAGGCGCGGTGGCTCTCAGGCGCCACAGGATCCGGTCGGTCCAAGCTGGTTTGCGCTTCTTCCCA
scaffold1921_cov177;244010;exon;TGCAGGGTAAAGATGGAGGACACTGGTTTGTGGTCACTGACGGTGTATTCCATGTAACTGCGATAGTAGTGCTGCGTGACTTTGACCCCGCTGGTCAGCCCCGACATGGAGCCACGCTTCCCTGCGCTCAGCGCCGTGCCTGCAGGCGCGGTGGCTCTCAGGCGCCACAGGATCCGGTCGGTCCAAGCTGGTTTGCGCTTCTTCCCA
scaffold209343_cov184;2332546;exon;TGAGAGGCCTGAGGTTTCACGAGCTCGTATCGTCCCACCTGTCCTTCCTGTAGAAGCTGACCGATCAGCTGGTCTTTGTGCACTTTGCGACTGACAACGAGGAACCGCTGCCGCCCCTGTCCGTACGACTTGCTCCGTAGGCCGTATTTCTGAGATATCTGGTGGATCTGCTTGCGCTCATCGTTGGTGAGATCAGTGGAGAAGCGGAGATCATCCTGACGGTCTGAACTGGCGTAGTTACGGATGATGTCCTCAATGTCACGCTTGCTGAGCTGGTTTCCTGTTTTGTCCATGTCCATACCCAACCCCTCTCTGGAGAACTGCTCCTTCACTCTGATTGGTTCCGCGATGCCTTCCCCGTCTCGGCCCAGACCGCCTCCTTTCCAGCCCATCTTGCGGAGCAGCTGGTTTCCTATGTTGTCTTCCTTAATCTCCTGCCTCGTTGCCTCCTCACCGGAGCGAGCCAGGATCTGGGATCGGGATATGGCGTCGTTGTGACCCTCCTTCCTTAGGTTGGATTTGACCACGGCCTGCGTTTGTCTCAAGGTGGCTAGTGCTTCCTCTGCTGCAATGTGCTTCACTATTTTTTTAGGCCCAATTCCAGCTGCCACATACTGTCCTTCCAAGTAAACTTCACACCTCCAGCGATGATCGGGCAGGACCGTGAACTTGTAATCAGCAGTCACTTTGTTGAACTGAGCGGTGTCATTGATGATGCAGATCGCATTGTCAGAGTTTTCCAGGATGACCAGCTCGCTCAGATGCTTCTTTTTTACGACCTGTTGCCCAAAGCGTCCGCCGTAATCTGACTGATTATTCCCTCTGGAGTACTGTGATTGTTGCTGCTGCTGCTGGTGTTGTTGTTCTTGTTCTTGCTGCTGCTGTTGCTGCTGCTGCTGCTGTTGTCGTTGCGCCTGGTTCATGCGAAGTTTCCTCACTGCCTCTTCCGCCGCTGCATGCTTGGAGCTCTTTTTAGTGCCTGTCGCCTGCGCCACCAGCTCATCCTGCAGGAAAACACTGCACAGCCAAGCGCTGCTGTTGGGGAGCATGTCGAACTTATAGTCTATCTTCATCCGATTAAACGCTGCAGAGTTGTTGAGTATGCAGATGGCATCGTGAGCATTGTCCATAACCACAAACTCCGTCCAGTGCTTCCGTCTGTCCGGCTCGTATTGGCCCTTAGAGCTGGGTGTCGGTTTATCCTCTGGGTTGCGAAGTGCAGGTAAAAAGGGCGGGGTCGGGCTGTGCATCTGGCACACGACTATGTCGTTGACTATTGAGTGTCTGTATTTACGCTGCACCACACGAACCTCGACTGGTTTCAGGAAGAGTTTTACAGCCTGCTCAGAGGCCCGGTCCCTCGCTCCATTTTTACTACCAGAGTATCCTGTGGCGAGATACACTCCCTGACATCTCAGCTCACAGGCGTAACCGTCTGTTGGAACTTTCCTGTTCTTCGGTAGGTCAGCCTGAGGTATATCCTTCAGGTTGACATATATATACTCAGGGTTAGTCTTGCAGGCCTGAATGCTGCGGCTCAACATGAAATTATAGTTTGGCGACTCACTTCCTGTCATGAACATAGGGTCCCTAAAAGCAACGGCCAACGCAGACGCCACGCTGGTGATCAGCCTTTGCTTCTCATCCAGCGTTGACTGAGCAACAGGAACAGGCTGCGACGATGAGCCCAGCTGAGACGTGGTGGGGCTGCTCCTGCCCGGGCTGTTGTAGACTCTGCAGAACGGCCTGCTTGACGACGGCCGGTCCTGATGACTGTACCCCAAACCCTGGCGTCCCAAATCCCGGCCCGCTGGTCTGCTCCCTCCGCCGTATCCATTATATCTCTGCTGCTGAGAATAGGAATCTGAATTTCGAGTGCCGTGGGCTTCATACTTGGCTGAGTAGTCCTGCTGTGTTTTTGCCATGAAGTTTGCGGTGGACCCACGTCCTCCATAACCCAACCCACTCGTACTACCTGAAAAAGTGTCTCGGTCTCTATCTCTGTGGGAACCCCAAGAGTCAGAACTGTACGATGGGACTCTGTCAAAAGCCGGCCTCAGGGAGGAGGAACCGCCCTGCGGTCTGCTGCTGCTGCTGTAGGAGGAGTGTTCAGAGTCCCTCTGTCTCATACCGAACGACTCACTCCTCCTGCGCTCCTTATCGTTCTCCTTCTCATCAGCACCACTTCCTCCACTGCTTCCACCACTGACAAAGTGCACAGGCTCAAACCGAGGTCTTGAACCAAATTTTGACACAGGCATTTTTCTCATGGGCTCGTCTC
scaffold209343_cov184;2383712;exon;CATGCCGAGTCTAAAGCTGATATCTGCGACCGACACACAATACTCGGAGGCCGTGCTGAAGTCCATGAACGAGCAGCGAAACCATGGATTATTTTGCGATGTCACCATTATCATACAGGACAAGAAATTCAGAGCACACAAAACAATCCTGTCCGCCTCGAGTACGTACTTCCACCAGCTCTTCAGCGTCGCCGGACAAGTGATCGAGTTGAACTTCATCAAAGCTGAAATCTTTGAGGAGATTCTCAATTATATTTACACCTCCAAGATTATACGGGTCCGCTCTGACATGCTCGAGGAGCTCATAAATGCTGGACAGATACTGGGAGTCAAGTTCATTGCAAACTTGGGGTCGCCATTATCACAAGTTAAGGGCCTGCCTGGTTTGTCTAAGGACACTGGGAGCAAAAGTGACGCATCCACAGAGATGATGCCGATAATCACGGAGTCGTTCTCGATATCTGCGGAGGAATTTAATCAGACGAGCAAACCGGCAGGTAATGACGAGGACTCAGACAGTGACGTTATGTTTGTCTCAAAAACAGACGCTCAGACCAGCGCAACCAATCAGAAAGCCAGCTCTGGTGAGGTCATTGATGTGGATTCAGTCGATTCAGAAGTTGTAGCATCAAAGCAGAGTAAAGAATCAAATCAAGCAGTTGCAAAAACGGTAGAGAAAGCTGGAGAGAAAGCCGGAGAGAAAGCCGGAGAGAAAGCCGGAGAGAAAGCCGGAGAGAAAGCCCGAACCCCAGTGAGAACAAATGCTTCAAAGCCCCCCAGCACCGGTTGTCCAACCCCCAGTTTGCCCAACAGCAGCCCTCTGCGCAGTCCAGACAGCAGCTCCAACAACTCGTCTTCGCCCGCCAGAGTTTCCTCAGGAAGTACTCCAGCAGCACCAGCCAAGGCGAGCAGTTTGACCCCCGAGCCCTCGAGTGCTCCTCAGCCCCCCGAGAACAGCGACATCATGGGCGTCCACAAGAAGCAGGTCTCCACTTCATCTCAGCAGGGGGATTTTAAAATAATGCTCCTGGACGTGTCTGCCAATCAAAAAAACATTCCCAAATCAACCGTGGCAGCAAAAAAGACAGTGACGCTCAACACAGCCACAGAGATCGACTCAATTTCATCGGGCTGTAAAGTTTATGCCAACATTGGAGAAGATACTTATGACATTGTCCCAGTGAAGGAAGATCCAGGCGAAGGAGGCTCTAAAGCCAATAAAGGGAAGCGGTCACTAATGGCGACGCCTTTAAAGCCCCTGGATAAATCACCCCTGTCCCAGAAAGGCAGCCCGACTAAGAAAAGGACCAAAACAGAGCTGGAGGATCACTACGAGCTCATCATGGACGGGAAGACTTTCTACGTGTGCATCGTCTGCAAGCGGCCCTACGTCTGCCTGACGAGCCTCCGCCGCCACTTCAACACCCACTCGTGGGAAAAGAAATACCCTTGTCGCTACTGCAACAAGGTCTTTGCTCTGGCCGAGTACAGAACTAAACACGAGATCCACCACACAGGCGAGAGGAGGTACCAGTGCTTGGTGTGCAATCAGATGTTCATGAACTACCAGGTACTGTCCACCCACTGCAAGCAAGCCCACAACCAGGATCCCAGCGGGAGGAAAGAGAAGGATGACACCGACAACAACCTGTACCGACTTCTGCCGTGCAAAACGGTGCAGATGAAGTCGTACTCGTGGACTAGCGACGGGCCGGGGGTCCCCGTCATCTCCGAGGACGGCAGCGTGCACCACATAACCACCGCCGGCGAGGACGTCCACTCCTCCACCCAGACCAGGATGTTGAACTGGGACGACATCTTTGTCGAGCCCGATGCCCACATGACACCTGAAGCTCACCCCAGACCCGACACAGCCGTGAACACTCCTCCACAGGGAGCCACAGAGTTTGACTTTGTTATACCAGAGACATAC
scaffold209343_cov184;2690118;exon;AATGGTGAAAATAGGGAAAGGGGAAGTTGAGATGGACTCAGTCGGAGAGGAAGTTAGTCTGTGGGAGAAGATGATGAAGTACCCTGACTCGTGGGCAGAGGGCACTCTTCCACTGCGGTCCACCATGGAGAAACCAAAGGGCAAG
scaffold209416_cov183;9825231;exon;TCAATGATCTTTTCGCGGTTCTTGGTGGGGTTCATGGGGGGCTCGGTCAGCAGGATCTTGCAGTTGCGGGAGTCGATGTTGAGCTTCTCTGGGCCGAAGGTGTAGTCCCACAGGTGCTTCATGTCATCCCAGTTCCTGACGATGCCGTTCTCCATGGGGTAGTTGACTTCCAGCATGGAGCGCAGCTCGCTGGCCTCGTCCCCCACCATCAGATCCTGGAGGGAGAGGTCAAAGGTCAACACAGATACATATTTAGCAGCT
scaffold209424_cov193;476106;exon;CTTTGGTTGCAGAGCAGGAGAGTAAGGACAGTGGAGGAGCCTCCATAGCTGAGCAAGTCCTGAGCATAATGGAGATCATTCTGGATGAAGCCAATGCCGAGATCTCAGAGGACAAG
