scaffold155_cov148;165861;exon;GTGGCGATGACCAGTCTGTCCTCGTCATCGCTGGACACTTCGTTGTCTTCGTTGATGACCTTCTGCCAGCTGGAGACGGGTGGCGGCTTGGTGGGCGCTGGTTCACCGGCTCCCTCTGCTGGTGAATCCCTCGCCACAGGAAGCGGCGGCGAGCGTTTGTCCTCTGCAGTCTGAGGGAGCGCGGTGGCGGGCAGAGAGGAGGAGGCGACGGTGCAGCCCGGGGGAAGAGCTTGGCTTTGAGGGGGCGGAGCCAGCAGCGTGTCGGGGCTGCCCTGCCTGTTTGAGGTGGCGGGGGGGCGGGGGCTGAGGGTGGGCAGGGGGCTGAGCGACGGGATGATGGCGGGCAGCGCGATGTTGACGATCTGCAGGCCGGGGACGTGCGTCTGCGCGCTGGCGCTGCTGGGGGGGGCGGGGTTAGCGGCCAGCACCTGCAGGCCCAGCGCGGCGTTGAGTGTCAGGCCCTGTTGGGGGAGGAGCTGCGTGGACGCCAGGCCGGCGCCGCTCAGACCCATCAGGTTGAGGGTCTCCAGCCCGACCGACTGCGCCTGCAGACCCACCTGACCCAGAGGGAAGCACGGCACCACGCTGCTGATGGGCGTCGGCCCGGGGGGAGGCGTGGCGCCCTCTGGCTGCGGCGGCGTGCTGGACGGCGGCAGCGGGCTGGTGTTGCGGTGGATGACGCTGACGGCCGGGATGGTGAGCTGCACTTGACCCGCCTGGATGGGCACGAAGGTGGAGTACGCCGCCAGGCCGGCCGGGACCAGCTGGATCCCGCCCACCGGCACCATGCTGAGGGAGGAGCGCAGGGGCTGCTGGGAGTGCAGCGGCAGGTGGCTGAACAGGTGGGTCTCCGCCGAGGGGGGGTGGGCCAGCGGGGGAGGGGGGAAGGGCACCGCCGACACGTAGGAGGACGTCTGAGTGCCGCGGTCCACCGGCACGCCCGACTCAGCGGCCGGCCCAGGGGGGGCGGAGCCAGAGGAGGAGTC;NA
scaffold156_cov174;247416;exon;TGTGGAAAACACAAGGACGGTGTTGTCCCAAAGTCCAGCCTGCCGCAGCGCCACAGTGATATTTCCCACCGCCTCGTCCATTGCCGACACCATGCCGGCATACGCCCTGCGGTGAGGGTCTTTGATGAAGCTGTAGGGGGCGACGTAGCGCTCTGGCACCTGCAGGGGTGCGTGGACCGCTTGCAGCGCCACATAGAGGAAGAGGGG;GO:0008152
scaffold176_cov169;169340;exon;AGTCCGGCCAGCTGACTGATCCGTGCGACCTGAAGGAAGGAGACGAAGCGGGACAGACAGCGGCAGCAGAAGAC;NA
scaffold197_cov202;1416794;exon;AGTTCGACAATGCCGATGGAGAGGAGTGTTCCGGGGGGTCCAGTCCCATCCAGGAGGACAGCCTTTCATCGTGTCCCTCCCTCCCTGAGGTCTACACCTTACCAGTCAGGGATCGGGCCAACTGCCCCGCCCTGCAGGAGGGAGCAG;GO:0004672
scaffold490_cov159;518617;exon;CTGTGCATGGAGTAGTGCCACGCGAAGAAGAGCGCGTCAAAGAGCAGAAAGCACGCCAGCACCTCTGCGCACATCTGGCTGACGGTGGGCGCCCTCTCCGGCAGCGCGCAGCGGCGCAGGCTCTGCAGCAGCGCGGTGGCGGGCAGCACCGCCGCCAGGTACCGGAGCAGGACCCTCCGCAGGCACCGGGACCAGGCGGCGCGGCTCGGCGGCGGACCCGAACCCGCCGCGATCCTCCAGGAGCGGACGCGCGGACTGACGGCGGCCAGCGCGTCCAGCGCCGCGAAGGGCGCGCAGAAGAGGAGGTGCGTGAGGAAGGCGGAGCAGGCGGGCAGGTACGGGGAGCGCAGGACCCCCTCCTGGCCGGAGCGCAGCGACCACCAGAGGCCCTGCAGGACGAGCGGAGCCGCGGCCCCCTGCGTGGAGCTCAGTGCGCTGGAGCTCTGGTTCAT;NA
scaffold536_cov184;39719;exon;GTTTCCTGCATGGTATGGCCGCCCACTCGACAGTGCATGGTGACGTCGTAACGTACACTCACCTGCAGGTTATTGAGGAAGAGAGACTTGAAAGTCCGATCTTCCTCCAACTCTGGCGCTTTGCGTCCCTGAAAATAAGCTGTCCTGAGACGCCGATAGTACTCTCGCGGGGGCTCGTGCTTCTTTTGCACGATGCTAAAGGCACTGAGTGCAGCTGAACCTTCGTCTATGAACGGAGAGTACTCTTCTGTCAGGGCGCGGCACAGGGCGGAGTAACTGTCTCTGACCTCTGAGGGGAGCGTTTCCATGAATGCATGGACCTCGCGCGAGGTGGTCTTCCATACGAGTTTGAGTTTCTCGCGGGAAGACGCGTCGGGCAGGTCCCTGAGGATATGTTCAATTTCTCGAAGGTAATCGCTAACGTGGTAATTTGGGATGTCTGGGTCAAACCGCTCGACATCCTGGGCGAGGGACTCAATCTGGCGAGAGCGAAGATGGGGACGCCTCTCTGACCAGATGTCGTCCGACCCCTTTGATGTCCTGCTATCATAGCGACGACGGCTATGCTTCCTGTGCGGCAAGGGCGAGCGCTGGTAGGACTTGGGACGTGCCTGATATGCATCATAGGGATCTTCGTCCCCTGCGTGTTGATGCATATATGCACTCCTGGCAGCCTTTTCCATCCCCCCTCCTCGCCTTGGCAGGGGAACAGGCCTGTCGTAGCACCGAGGGTTGGCCCTACTTTGCGGGGGTTCCCTGTGGGGCATGGCGCTCACATCTGGCTGGACACACTTGAAGTGGGAGGCCTGGTCGTTGTCACCAGCCACACACTCAGAGGTCGTGGCCTCTTGGGGCGGTGGGTCGCTGGTGACGGGGGTGCTGGCAAAGGTGTCTGGCAGGGCCTCCCGTTCTGGCTCCAGGCAAAGGGTCTGAACCTTGTCACAGGGTACCTCTAC;NA
scaffold612_cov178;393371;exon;TGAACTGTGAGCAGGACTTCGGGGACGGGGGCCTGGGAGTGACCCTCACACTGCGGCTGCTCATGCATGGAAAG;GO:0003723
scaffold625_cov177;42613;exon;TCCGCCCTCTCCTGCCTGCAGGGTCAGGTGACCTCCGGTGTGTCTCCAGCTGCCTCCTGCTCCGCTTCCACCCCGACTCCGGTGACGTCCACTGGCCCCGCCCCTTCCTCCTCGCTCCACCAACCCCCTCCACTCTTACGGCCGTCCCTGCCGGCCACGCCCTCCCTGCACCGCCAGCCGCCGCCCCTCCAGCAGCAGGCGCGCTTTCTGCAGCCCCGCCCCACCCTGCAGCAGCCACCGCCCCTCATCCGGCCCTCCAACCCGCCCCCCCCACGTCTAAACCCCCGTCCGTCCGTACCCATGACCCTCGGGGGCAGTGTGGGGGGGGCGGGCTCGAGCGCTGCCCAGCAGCCGCATGGCCTCCACCAATCAGAGACGGCCTCTTCCTCTTCCCTTCACTAATGTCACGCGAG;GO:0016301
scaffold753_cov185;272620;exon;ACGAGAATGATGACGACGACGACTGGAACCCCTGCAAGGCCGCCGGCGTGTGTCTGATGCTGTTGGCCACCTGCTGTGAGGATGACGTGGTTCCTCACGTTCTACCCTTCATCAAAGAGCACATCAAAAACCCGGACTGGCGCTACCGTGACGCCTCGGTCATGGCCTTCGGCTCCATCTTGGAGGGACCTGAACTCAACCAGCTTAAACCACTTGTCATACAG;GO:0003677
scaffold1112_cov168;45258;exon;AGAAACACAAAGCTGTTGGTTTAAAATGGGCGGCCGAACTCTGCAAAACCGACACTTGTCTCCAG;NA
scaffold1328_cov178;510512;exon;TTAATGACAATAAGAAGGTAGCAGAGGCAAATGATGAGCAGAGGCCCAAAGAAGCCCACAGTGGTGGTATAGAGGATGAAGGCTGTCGACCACAAGTCTGCCGGTTCTGGCCAGATCATGTTGCACGAATTAAATGAGTC;GO:0004930
scaffold1454_cov184;293261;exon;CCCTGACACAGTTCCTGGGCTGGTCGGTGCTGAACTGCGACACCTACGACAGGCTGAACCGCATGGAGTGGAGAAAGGATATCGCCCTGGAGATGCTCATGTACCAGACCAGATGCACGACCGAGGAGCTGCAGTCCATCCTG;GO:0004114
scaffold1512_cov173;371436;exon;TACACGGCGGTTCTGGTCGAGAGCATCAAGAAAGGAATTCGAGATGCAGACTCGGAGGCCAGAGTCGAAGCCCGCAA;NA
scaffold1714_cov182;304823;exon;ATCTGATGGCCAAAGTCCGAGCCATGCTCGCCTCCTCCAAGACCTTCCATCCTCCCACCTCCTGAGGAGAGCACGGCCCACCAACAGCTCC;GO:0003723
scaffold2002_cov160;134721;exon;TGAACAACGCGCAAGAAATGTCGCCCGACTTCGTGTTGATGCGCCTGGTGTCCGCGGCCGAGGACGACCGTCTGGACGCGGAGAACGGGAACCTGCCGCCGGGGCTCGGGAGGGACGTCCTGGCTCACAGCGGCGTCAAAGCGGCGCTGGACATCAGCCGCGACCCCACGGCGGGCCTCGACCCGAACAAAGCGCAGGCGAGCGGCGGCGGCGGCGGCGGCGGCGGCTCGGCTGCACCTGCCGGCGGCGCGTCGGAGAGCCGAGCGCCGCCGCCGCCGCCGCAGAGCCCCACGGAGGCCCCGGGATGCGACTTCGTCCCCGGCGGCGGCCTGCGGCCTCAGCTGCTCGTCTTCTCCGACCTGATGCGCAGCGGCGAGGAGCTCCTGGAGCTGGAGCGGCGGAACCAGCAGCGCGACGCCCTGGGCTTGGAGCCGAGCCCCGGCTCGGGCTGCCCCGGCTGCCCCGGCTCCTCCGGCTCCTCCGGCTGCTCCGCTCCGCCCGGAAACAACAACAACACGCGGACTCCCGCCGACGTGCAGCGGCAGCAGGGGCTGCTGGACCGGGCGTGGGGCGCGCATCCGCCGCCGGAGCTGCCCGGAGCCGCGGAGCTGTGTCGAGGGCACCGGCTCATCGCCCCCCCGCCCGAGTGGCCCCTGCTGGCGGACACAGGCGACCCGCTGACCGTGATCGAGTCTCGGTGGGGCTGCGCCGCCGGGGACCGGGAGGGCGCCGTGTTCGAGCTGGCCCGGAGGTTCGGGGAGCTGGGGGTCGGTGCCGTGCCCAAGATGCTGTTCAAAGCCGGCGAGCTCCCGCAGTGCTCGTGTCAGGGGGCGCACGGGCCGGGGGGAGGGGGCGTCGAACCCGGGGACGACCCGACCGAGACCAGCGACGCGCTGCTGGTGCTGGAGGGGCTGGGCAGCGACGCGGTGGCGGGGCTCAGCATGGACGAGGGTCCGCGGGAGGAGACGGACGGCGACCACAGGCGCCGCCAGCTGCTGCTGAAGCGGAAGCGGGAGATCGTGGAGAAGATGTCCGGAGCCTTCTCCATCAGCAGCCTGCAGGCGGAGCTCCGGCGGCAGGCGGAGCAGCGGGACGAGGCGGCGCAGCTGGACGCGCAGGTGTGCGGCGGCCTCCGCGACGCCCTCCCCGCGCAGCAGGTGGGCTCCGGGCAGCCGGGGGTGGCCGCCGAGGTGCCGCCCACGCCGGTGCAGAGCTCCCCCACCCCGAGCCGCGCGTCCACGCCGCGCAGGCGGACGGAGCGCTGCGCCAGCGCGCCGCGGACTCCCACCGGCCGCGCCGCGGGGGGGGACAAGACCCTCAAAGTTCCGGCCAAGTCCAAAAAGGGCTCGTTAAAGATCCGCCTGAGCAAACTGTTCCGGACTAAAAGCTGCAGCGGCTCCAATCACCTCCTGGACAAGAGGCCCTCCGTCACCTACTCG;GO:0035556
scaffold2265_cov192;125594;exon;ACCACGCGCAGCTTCTTCTCCAGCACGTCCCGCCCGCCGTGGCGCGTCCTGACAGTGAAGGTGAGGACGTGCTCTCCGGGCTGCAGCGCCAGCACGGTGAAGCCGACACGCCCCGCCCCCCCCGCCGCCAGCGCCGTCCACTCGCAGGCCGTGGAGCGAAGCCCCGCCCCTGCAGCGTCAGGCCGGGACTCCAGGAGGCACACGGCCTCGTTCACCGTCAACGTCACGCAGTA;GO:0004866
scaffold2620_cov156;337386;exon;TCCGTCAGGCAGGTTGGCCCAGTAGATGACTCTGTAGCCCTGCAGGTTTCCGTTGAGAGCCTCTCTGGGAAGCGAAATCCAGGACAGAGAGATGACTTCCGGAGACTTGGCCACGCCCAGGACGTTCTCAGGAGGTCGAGACGGCA;GO:0005515
scaffold2648_cov160;94720;exon;CGTATTACACGTATGATGGTTTTAAACTCGGTGGTCTTCCTCTCCTCTCCGCGCAGGTGGCGATGTCTCCAGGCGAGGACGGTCTGATTGGGATCCCCTTCCCGGAGCACAGCAACGAGCTCTTGTCCCACCTCAATGACCAGAGGCGGACGGGGCTCCTGTGTGACCTCACGCTGACCTCCCGCGGGGCGCGCTACCCGACGCACCGCTCCGTCATGGCCGCCGTCAGCCTCTACTTCCGCCGGCTGTTCGGGGCGGAGGAGGGCGGCGGCGAGGGCGGCGGCGGCTTCAGCGTGTGCCAGCTGGACTGCGTGGCGCCCGACGCCCTGGACGCCCTGCTGGAGTTCGCGTACACGGCCACGCTGACCATCCCCAGCTCCGCCATGAGGGACGTCCTGCGGGGGGCGCAGCTGCTGGGCATCCAGTGCGTGGCCGACGCCTGCAGGGACATCCTGGGGGAGACGGCGGAGACGGAGGGGGAGACGGCGGAGGAGCAGAGACCGCAGCACGCCGCCCCTGAGAGGATGGCGGTGGGACAGAACGGGGCGGGTAAAACCTCCCGGAGGAAAACGGACAGAAAGAAGATGAAGAAGATCGGGCCGCATCACATCAGCTCAATGCTTTTGAACCCGCCCCCCGCCTCCCCCGTCTCGTACCCCTCGCCCCCGTCCGACAGCGTCCGCTCGCTGCCGCCCACGCAGCCCCCCAGCCCGGAGCAGAAGGAGCTCCGCCTCCGGTCGGAGCAGAACGGCGACCCTGGTGTAGTCCGGGAGCCGGGGAGGGGCCCCATGTTAAACGGGGGGCTCCTGCACTGGCTGCACGAACGCCCCCGCATCGCCCAGCCGCCGCCCCTCCCGCTGATCAGCGACAAGCTGTCAGAGGACGACGAGATGGAGGGCTTCGGCGACGACGGCCGGCTGATGGAAAGCACCTCCATGCCTACGTCTGTGGCTGAGCGGGGAGAGGCAGTGGAGGCAGTGGAGGCAGCGGGGGCGGCGGCAGCGGCAGGGGGCAGGAAGAGGAAGTCTCAGACGCCGCAGCAGTGCCCCGTTTGTCAGAAGATCATCCATGGTGCGGGAAAGCTGCCCCGACACATGCGGACACACACCGGAGAGAAGCCCTTCCAGTGCTCGGCCTGCGGGGTCCGATTCACCAG;GO:0005216
scaffold2749_cov201;607213;exon;TGTCAGCCCGGCTCCATCTATCACCTGGAGAGAAACAGACAGCTAATATCCAGGGGTCTCTCTTCGTTTGTCAACGTCTGCGTCCGGACCACAAACTTCCCACAAACGCTTGTGTTTGGACAGTTGAATATTCTTCCGAGTTTTGGCACAAAG;NA
scaffold3534_cov204;119072;exon;GACAATGGACATCAGCATGAACCTCAGCATGGACCTCACTGTGGACCTCAGCATGGACCTCAGTGAGGACCTCAGTGAGGACCTCAGCATGAACCTTAGCATGGACTCCACCATGGACCTCAGCTTGGACCTCAGCATGAACCTCAGCATGGACCTTAGCACGAACCTCAGCATGGACCTAAGCATGAACCTCACCATGGACCTCACTATTAACCTCAGCATGGGCCTCACCATAATCCCCAGCATGGACCTCACCATGAACCTCAGCATGTACCTGAGGCCTCCTCCCCATAGCAAGCGAGTGTACTTTCACCCT;NA
scaffold4259_cov165;78848;exon;TGTGTCAGAAAGCAGGGGAGATCTCCCTGCTGAAGCAGCAGCTGAGGGAAAGTCAAGCTGAAGTGACCCAGCGAGCTGGAGAGATGGTGGCCCTCAGGGGCCAGCTGAAGGAGCTCAACGCCCAGCTGAGGGAGCAGGAGGAAGCCATGCTCGGCCTGAAAGACTCCTACAGCACAAAGAGTATGGAGCTGGAGAAGTGTGAGGCTGAACTGAGGAGGACGTTGTCAGAGGCAG;NA
scaffold4394_cov183;51131;exon;TGTTTGACCAGCGCCCTCTTCTTTTCATCTCCCTGCTCGTCCCGGGCCTGCAGGTCTCGGTCGAACTGGGCCTTCATGGCCTGCATGTTGACCTCCAGGCGCAGTTTGGCGTCCTCGGTGGCCTGAAGCTCGTCCTCCAGCTCCTCCAGCTGCGTCCGCATCTCCTCCACCTGCTGCTCCAGCGTTCGCTTGGACTTCTCCAGCTCATGGAC;GO:0003774
scaffold4607_cov232;20191;exon;CAATTCTGCTAAGAATTGCATTTTGTCCTCCTGCAGGTCCAGAGCACAAACCTTATCTGATCGGGGTTGGCAGAGCCGACTGCACGGGGCCGCCGGCCGACGTCCTGCTG;NA
scaffold15596_cov177;29495;exon;TGGGCAGTAGCAGCGCAACACCCCGGGCTGGATGAGGGCAGCAGGGACGCTGATGTGGTCGAAGAGACAGCTGTACTCGCTGCTCGACTCCAACCACGGACCCGTGATAAGCACCTTTACCCCGCC;GO:0004672
