scaffold1317_cov276;441080;exon;GATCCCACTATGATCTCCATGATGTGGTCCAGTTCGTTCAGGTCTGACCTGCAGCTCGAGCTGGAGCTGAGGGCCGTCGGCCCGTGAGAGGAAAGGCTCTCCAGCAGATCGTAAGGCCCCATCTTTGGGGCACTCTGCATGCCTGTCAGCACCGTGTCGAGGTCATAGTAGGACGGGTCCACGTCTGAAAACAGTTCTTCGAGCGCAGGGTCAGGGGGCGGCGCAGGGTGCTTGATCTCAAAAGTCCCAAAAACCTGCTCCCCTGTCCTGGAGTCTGCGCTCAGGTGGTCCCGGTCTCCCTCCTCACCCTCCGACACACACTCCTCGCTGTCCTCCTCTTCATCCTCCTCGCACTCACCGTCTTCCTCTTCCTCCTCCCAGCAGGGTCCCATGCCGAATGGGCCTGCTAGGTAAGAAGCAGAGGACAGCTGGGGGGAGACGGGCGACAAAGTGGACATGGTGACCTCTGTCTCCACGTCTCCCTCCATCACCACCTCCTCTGCGTGGTAGCCTTCCTCCAGACCGACCACCGAGAAGGGTTTCGGGCTCTGCCCGGCCTGAGCTGCTGCGTCCGTCTGCCGGCACAGCACCTCGGTGGCCACCAGGCGGTCTGCGGGACACTGGGCAGCTGCAAGGGCCTGGGTCATTATCTGCCAGGTGCCATCCTGGGTCATCTCCTCCTGGATCTGCCGCACCGTGTTGGCAATGAGCACCGAGCGGCACAGGTTCGGCTCCACCAGCATGTGGCAGAGCTGCAGCTTGATCAGCGACATGTCAAGCAGCGACTGCCGCTGCAGGCTGTAAGAGGACGTCAGCGTCCGAGCCGCTGCAGATGGAGCCACCGGGACCTGGTCACCACTGGAGACCGGCTCCTCACCGGAGTCTGAGAACTTGCGCTTGGTGCCCTTCGGGAACATGTTGTCTCTCTGTGGTGGTGGCGAGGAGAAAGAAAACAT;NA
scaffold2338_cov267;35939;exon;TGCTGCTTCAAACGTGCCAACGAGGTTATCTAGGTTATCCGCGCGGAGGACCGAGGCTTTGATGCGGTGAGCCAGAGTCTGATACTGAAGCAGAATGAAGATCTGTGGCGGGCAGCTAAGCCCCTTACAGAGCGGCGCATCCTGTGGGGTCACACT;NA
scaffold548_cov254;995928;exon;TTGCGCTGGCAGATGATGGTGGCCTGCAGGTAGACGATCACATGATGACATCAGAGGCAGATGTGTATGCTGCGGGTGACGTGTGCACTGCATGCTGGGATCACAGCCCACTGTGGCAGCAG;GO:0016491
scaffold2682_cov269;79518;exon;TTGTCTGCGTCCACTTTTCCTCGGATGAACTCGGACCTCCAGAACTGCAGTGCCTGCTCCAGAGAGAGGCCGATACCTTTGAGGAAGAGGCCGTACTGCATGCGACCGCCGTGGCGGAGATGGTGGTTCTCCCTGAGGCTCTGGTGCAGCTGCCTCATACAGAGTGGGAAGGACTTTCCTGAAAG;GO:0003896
scaffold104_cov244;8481;exon;TTTATTAAAATGTCCAATAACACCCACAATAGGTGGCAGCGTGGCATAAAGCTCCTCGGCCTTTTCAGCCTTTTGTGTCCGCGCCTCCTGGATGTCTAAGTCTTCGTGCTGGTTCGAGCGAGTGTTGGGTGCTCGCCTCTTGGTCCCCCCTTTACCTCGCCGGCGTTCTGATCCCGGCAACGTGTACAGAGGGTCCTGAGGGTCATGCAGGTCCTCTGCCTCTGCAGTGACATCCTCAGCAGGGCTGCTTGGGTTAGTCTTCAGGGCTGAAGTGGATGACTCGTGGTCTGGGTCTTTCCCCATAAAGCTACACTGGGATCTGGAGTTGTCCCTGGTCCAGAGTGCCGGTGGTGGGCTGACAGAGCTTGGGCCTTGCTGCTGCTGCTCCGATGTCTCTTCACCTACTCCACTGGTGAAACTGCAGGTCTCAGACAAGCTGAGGCCACGGTCACTGTCTTCATCCTTCACACTGATGTCCAAGGAGGATTTGATGAAGTTCTTGCAGTAGTTGATGACATTGTTCATCTGCAAGTAGCTGGCTGCAGACATCACCTCGATCACGTTGTGACTCGAGAGGTCCAGCTGGCCGGAGTAGATGAAATCCAGGATGACGGTGAACGTCTCGGGGCTGAAGACGTCAAAGGTGGCGTTGACAGAGTCAGACAGCCCGTCGGGCCCCTGGGACAGCAGCATGCGGAAGTAGCCGCTGCTGGCGAACAGGACGTTGCGGTGGGCCCTGAAGAGCTGCCCCTCCACCAGCACGCTGCAGTCACAGAAAAGCTCCTGGCGGCGCTGCTGGTTGAGCTGCTTCAGCAGGCTGCTTTGGTGAGCCACTGTGATGTCAGCGGTGTTGAACCACCTCTGAGGCTGC;GO:0005515
scaffold24029_cov210;663790;exon;GAGTATGTGTGAGTGGCAGCCCCACGCCGCTCTCTCTGACTGCGTTCAGCACTCTGAGCTCTCTGCAGGTCGAGACAAATGGATCCGGACTGAAGTCTGTCAGGAAACACTTCCCGAAGGACGCCGC;GO:0005737
scaffold1570_cov254;453862;exon;GTCAGCGTAGTTTTTCCGCCGAGTGCCGTCCACCTTGCCTGTTTTATCAATACAGAGGAAGAACTTGTTGGCAGAGTAAAGCCGCCGTAGTCGGACGTCGCCCTCTAGGTGATTGTAACTGCGAGTGTGTCTTTCCAACGTCCATGAACAGTTGATGCCACTCGCCAGCACCTGTAGGGGTTCATGTCCAACCCCAGGAGGACAGGCCCCCGTGGCGGTGCCAGCAGTGACCAGGAGCAGGGTGAAGCATGCCAGGCAAAGGGAGGCTGCGCTGGGTAGGGGGAGAGGTCGCCCGGCTGAGGCTGCAGCAGTGGTGGTGCCAAGGGCAGGTTCAGGACAGAGATGAGCTACGGACGGCGTCCATCTGCACAT;GO:0008083
scaffold279_cov260;332926;exon;CTCATGTGTTGTTTCTCTGTGTTTTCCAGTCTGTGGTCCGAGCATTGACATCCGAAACGAGATCAGCGAGTTCAAGCGGCTGGAGAACTGTACGGTGGTGGAGGGCTACCTGCAGATCCTGCTCATCAACGACAAGACTAACAACATCAACCAGGAGGTCTTCCGCTCCCTCAGCTTCCCCAAGCTGACCGTCATCACAGACTACCTGCTGCTTTTTCGTGTCTCCGGCCTAGACAGCCTCAGCATGCTCTTTCCTAACTTGAGTGTCATCCGCGGGCGCAATCTCTTCTACAACTACGCCCTGGTGATCTATGAGATGACCAGCCTGAAGGACATCGGCCTCTACAACCTGAGGAACATCACACGAGGAGCCATGCGGATCGAAAAGAACCCTGAGCTCTGCTACCTGGACTCGGTGGACTGGTCTCTTATTATGGATGCTGGGATCAACAATGTTATCAATGGGAATAAGAAGGCGAACGAGTGTGACAATGTCTGCCCAGGCATCATGGAGTATAACCCTCTTTGTCAGAGGACATCATTCAACGACAACTACGACTACCGCTGCTGGACATCCAACCAATGCCAGAAAG;GO:0004672
scaffold1501_cov258;106146;exon;TTAGATTTACGTCTTGGCTCCAGCTCGTCTTTGTTGTTGCGGAGCCGTTTATAATAGAAACGAATATCTTCAGTCAAGGAGCGGATCTGCTGCAGCCTTACTTTCTGAGTAAAAGAACTCTGTATACTAAAGCTCTGATGCACAACTTTCCC;NA
scaffold7013_cov230;65515;exon;TGTTCTCCTCAGGTATGTGCAGAGACATGAACTGCAGAGGTTCATTACACTGGACCAGCCAGCCGTGTCTGTCATTCACTCTGGATGCTGACAC;GO:0005262
scaffold15829_cov244;10788;exon;TTCTGGAAGTCGATGAACTTGGACTTGTGTGTGTCCAGGTGGAAGCGGGTGCGGTTGTTGCAGACGGGGTTCCTGCAGACGGTTGGTGGGGAGTACTTGAACTGCTGAGGGACGTCTTTGATCACTGCCTGGCAGTCCATGCACAGGAAGGTGCCGCTCAC;GO:0003677
scaffold13247_cov254;59190;exon;TTGAGAGCCTGAATATTCCGGGTGTAAAGGAACTCCATCTCCCTGCGCATGCCGTCCCTGCTGTCTTCGATCTTTCGGTCCATGCGCGCCATCTCCTCCGCCTTAAAGCGATCCAGCTCCCGCAGCAGCTCTTTGTACACGGACTGCTGCTCCTTCTCCTGCAGGCGTTTAGTAGCATCATTACCGTATTACTGAGGATGGAAGCTGA;NA
scaffold548_cov254;564418;exon;TAGGAAATGTTTCTCCAATAAGGCAATTTCCAGGTGACCTTTGACTTCGTTGAGTCGATCTGACTCCGACCTCTGGAAGTCCTGGATGGCTGCAGCCATGGTGGGAGACCCCGAACCTGC;NA
scaffold906_cov260;470332;exon;TTGAAAGCGATGTCATAAAACTCGCTGCTGTTGCTGATGGAGGGTCTGCTGGGATGGACCACGCCGTTCATCTGAACAATCCCCGGGCTACTCTTCGCAGCTTTCCCGGTCCCTTTCCCGGTGGGACTGCCTGCAGACGGGCTGCTAGTCGCCGCTTTGCCTTTGGCAGCCTTCTTGCGAGACAT;GO:0005525
scaffold21424_cov242;117592;exon;TGGAGTCGTACAGCTCCCAGCGCTCTCTGTAGTAATACTGCTGCAGCGTTTTGAACCAGTGCGTGGGCTCGCTCAGCCTCGTGCGGTTCAGCAGGTCCTGGAAGGTGGGCGACACGTACAGGTCCTGGTCTATGGGGAAGGGCATGCGGTAGTGGAGGTTGTGGAGAAGGTGGTACGCCCCCTGGTGGACGGAGCGGGTTGGGTAGTACATGGTTAC;GO:0008152
scaffold722_cov246;160474;exon;GCCTGGCGTACCTCTCCTCTGTGCCCCACATAGATGAAGGTGCACATGGGCTGGAAGGCCCCGGTGCCACAGGCCAGGAGGTGGGTGCGGTTGTAGGGCTGCAGGAGGCGAACAAAGTTGGCACACTCCGT;GO:0005515
scaffold1141_cov242;222761;exon;TTCTCAGGATCCCTCGTCCATCTCTCTTATGAGAGTCAACTCATCTGCTGAGATCGCATGCACCACATCATTGCCTGAACCGCTGAGCCTAGTCCTGCACAGGAGTTTCAATGGCCAAAGGGAACTTTTGTACCTGTCCTTGAGCAAGGGACAAGTGAACAAAAATACTCCAGCTGCAGAATTTGAGGGCCGAATTCACGTAGCAGATCAGCAGATCAGGGAGGGCCATGGGTTCACCTTGCAGCTGTCTCTACTGTGGGTGGACGACACAGACGTCTACTACTGCAGCTGGAAACACTTCAATAAGGAGACGCAAGCGGTTGAAACCCTGTCCAGCAAAGGCACCATCATTATTGTCAGAG;NA
scaffold2446_cov242;93487;exon;TTGGTGAAGAGGATCTTGCTGGTGCAGGTGGAGGTGTGAGTGAATATGCGAGTGCTGGTGGTGGTGTGGCGTGACGTTGAACATCTGTAGACGGGCGATGGGGTCGTTGGCCACTGTGGCCATCCTCTCAGCATGGAGTCTCTCTGCAGCCAACCTCTCTGGGTAGCTCATTTCTGGTCGCAGCTGGGGCCCAGCGAGGGCCAGCCGCTCGCGCTCTAATGGATTCAGGCCCGGATGGAAGGAGGCGAAAGGGTGAGGGCCGGCCATGGGGGGCAACGTGATGGCCCCGTGCCGGGCAAAGTGCTCCATGGGGTTAGTGGAGGGGTGGAGTGTGTCCATCTCTGGAGGCTTAACCTCGAAACCGGGTTTCATCCTTTCCCTCAGCTCCCTCTCACGAATCTCCCTCTCACGCATCTCCCGCTCTCGTAGCTCGCGCTCCCGCATGGCTGGGTCAGCGTTGTACAAGCTGGGCATGTGATAAGCCAGCAGAGGGTCCGCGGGGTTGAGGGACACGAAGAAGGGGTGGTTTCGATTGGTGGGGGACATGACGTGGGGCCGGGCGTACTCGCTGAGGGTGCGCAGGGCAGGAGTGTCGGGGCCGATGTACGGAGGCACAGCTGCGATCGTGGTGGGGGGGCCGTCATAGGGCGCACGCATGTGGGCAGGGCCAGCCATCTGAGGTTCACCCATTCTGCCCTCATGAGAGGAACTGGAGGCTTT;GO:0003682
scaffold3585_cov251;320616;exon;CCCTCTCAGAGATCCAGACTTTGGGAGGTTGTTTATTTCTGGAGCAGGACTGTACTTCCTCCTCCTCGTTCTTTTTCTCTTCCTCCCTCTGCTCTTTTCTGTTTGAACCGTCATCTTCTGCTGACTGCTGTTCTTTCCTCGTTCCCTCATGGTCTCTGCAGTACGACTGGCTGTTGTAGAC;GO:0005576
scaffold30_cov254;136154;exon;TAACAAATGGAGAAGAGCTGGATGGGCTGATATCTGACCCGGATGAGATGCGCATGCAGGCACTGCTCATCCGTGAAAGGATCCTCGGCCCACAACATCCAGACACGTCTTATTACATCCGTTACAGAGGTGCCGTGTACGCTGACTCTGGGAACTTTGAGCGCTGTATCAATCTGTGGAAGTATGCATTGGACATGCAGCAGAGCAATCTGGACCCCCTTAGCCCCATGACGGCCTCCAGCCTGCTGTCGTTCGCTGAGCTCTTCTCCTTCATGCTGCAGGACAGAGCCAAGGGGCTCCTGGGGACATCGGTGTCATTTGAGGACTTAATGGGGATCCTTTCCAAGAGCGTGTTGGAGATTGAGCGGGCAGTTAAACAAAATGGACCGATGCCTCCTGACCCTGCTCAGCTCAGCAAGGCCCTGTCAATCATCCTCCACCTCATTTGTCTCTTAGAGAAGGTGCCCTGTACTGCGGAGCAGGACCACTTCAAGAAGGAAACTATCTACAA;NA
scaffold2165_cov254;330675;exon;GCTGAAACAGTGGAAAGGGCTGAAACAACTCTGCATCCTGCTCCTGACAGCCTTAAATCTCAGTGCACAGACCTGCAGAGCAAAGCTGACATCACTGAGAAAAAG;GO:0051015
scaffold7013_cov230;65515;exon;TGTTCTCCTCAGGTATGTGCAGAGACATGAACTGCAGAGGTTCATTACACTGGACCAGCCAGCCGTGTCTGTCATTCACTCTGGATGCTGACAC;GO:0005262
scaffold906_cov260;470332;exon;TTGAAAGCGATGTCATAAAACTCGCTGCTGTTGCTGATGGAGGGTCTGCTGGGATGGACCACGCCGTTCATCTGAACAATCCCCGGGCTACTCTTCGCAGCTTTCCCGGTCCCTTTCCCGGTGGGACTGCCTGCAGACGGGCTGCTAGTCGCCGCTTTGCCTTTGGCAGCCTTCTTGCGAGACAT;GO:0005525
scaffold21424_cov242;117592;exon;TGGAGTCGTACAGCTCCCAGCGCTCTCTGTAGTAATACTGCTGCAGCGTTTTGAACCAGTGCGTGGGCTCGCTCAGCCTCGTGCGGTTCAGCAGGTCCTGGAAGGTGGGCGACACGTACAGGTCCTGGTCTATGGGGAAGGGCATGCGGTAGTGGAGGTTGTGGAGAAGGTGGTACGCCCCCTGGTGGACGGAGCGGGTTGGGTAGTACATGGTTAC;GO:0008152
scaffold339_cov215;45280;exon;AGAGTCTGCACTGTAGGTGATGACGTATCCATCTACAGTAGCGATGGCCGGTTGCCAGAGCAGCAAAGCTTCAGTGTCTGTGATGTTGACTGCAGTCAGACCACGGGGCTTATCCAGAG;GO:0005515
scaffold548_cov254;564418;exon;TAGGAAATGTTTCTCCAATAAGGCAATTTCCAGGTGACCTTTGACTTCGTTGAGTCGATCTGACTCCGACCTCTGGAAGTCCTGGATGGCTGCAGCCATGGTGGGAGACCCCGAACCTGC;NA
scaffold1673_cov220;400628;exon;TGTCTTTGGAAAGACGTCCATGGCTTTAGAAACACTACGACAGAGTATCTCAATGGGACAGATTCTTACATTTGAGAACTACAACTTCAAGTTATTGAGTGCTGGAACCATCAGCTACATGGCGACCTGCTCTGTCTATGGATTGGACAATCACCACAGTAATGTGATATCCTCCAGGCTCTCACGCCTGTTCTCCATCTTTGTGCTTCCTAGCCTAACTTTGGACACTATGTTGTCAATCCATTCTCCTCGGCTAAAAATGTGGCTCAAGGAAATGCCATTTAAGCAGTGTGGTGAGGATATGGCATGCTGTATCATCACTGCAACTAAAAATCTGTATCATGCAGTTTGTGACCAATTCCAGCCGACTGTGCAGAGGCCCCATTTCATTTTTTCCCATCATGACCTTCAAAAGGTCTTTAGGGGGATGTGCCTGTGGCAGCCTAAAAATCCAAACACAGCGACACTGCAGAAGGAGTGCTCACTACCGAGCTTTCACACAGTCCTCCCAGGACCTGCAGCAGTTCTTAACATA;GO:0003777
scaffold204_cov250;781009;exon;TGCATGCCCAGGTGCCGGGTGGGGGAGGCCTGACCTGGGCAGCCAGTGACCGGAGAGACTGACAGGCCGCGGAAGAGGAGGTCCATGGAGGGCAGGAGGGGCTTCAGGAGACTGACGGGGCAGAAAGCGGAGCCTCCGTGGGGGGTGAAGTTGACTTTATTGGGGTCAGGGCAGGACGGCTGGAGGAGAGGCTCGTCCTGACAGGCAGCC;NA
scaffold2165_cov254;330675;exon;GCTGAAACAGTGGAAAGGGCTGAAACAACTCTGCATCCTGCTCCTGACAGCCTTAAATCTCAGTGCACAGACCTGCAGAGCAAAGCTGACATCACTGAGAAAAAG;GO:0051015
scaffold204_cov250;781009;exon;TGCATGCCCAGGTGCCGGGTGGGGGAGGCCTGACCTGGGCAGCCAGTGACCGGAGAGACTGACAGGCCGCGGAAGAGGAGGTCCATGGAGGGCAGGAGGGGCTTCAGGAGACTGACGGGGCAGAAAGCGGAGCCTCCGTGGGGGGTGAAGTTGACTTTATTGGGGTCAGGGCAGGACGGCTGGAGGAGAGGCTCGTCCTGACAGGCAGCC;NA
scaffold30_cov254;136154;exon;TAACAAATGGAGAAGAGCTGGATGGGCTGATATCTGACCCGGATGAGATGCGCATGCAGGCACTGCTCATCCGTGAAAGGATCCTCGGCCCACAACATCCAGACACGTCTTATTACATCCGTTACAGAGGTGCCGTGTACGCTGACTCTGGGAACTTTGAGCGCTGTATCAATCTGTGGAAGTATGCATTGGACATGCAGCAGAGCAATCTGGACCCCCTTAGCCCCATGACGGCCTCCAGCCTGCTGTCGTTCGCTGAGCTCTTCTCCTTCATGCTGCAGGACAGAGCCAAGGGGCTCCTGGGGACATCGGTGTCATTTGAGGACTTAATGGGGATCCTTTCCAAGAGCGTGTTGGAGATTGAGCGGGCAGTTAAACAAAATGGACCGATGCCTCCTGACCCTGCTCAGCTCAGCAAGGCCCTGTCAATCATCCTCCACCTCATTTGTCTCTTAGAGAAGGTGCCCTGTACTGCGGAGCAGGACCACTTCAAGAAGGAAACTATCTACAA;NA
scaffold3116_cov203;216701;exon;TGTTACTCGGTGGGCTTCATTTCCTCGGTGCTGCAGAGCAGGAGCTGGATGACATGATGCTGCAAAGTCCGCTCACCTCCACGCCGTTTTCTGTCAAGGATATCCTGAAGCTGGAGCAGCAGCAGCAGCAGCAGTCCGGGTCCCTGGAGCTCCAGCACCGGGCCCACACCCAGCAGCAGCTGACCGGGTCTCCTCCTCCCCAGCAGCAGCATTTCCAAACCCCGCCGTCCTGCATGCTCGCAGGAGCCCGGGACAGCCCGTCCTTCTCGGACGGAGAGGACAACCTGGCCTACCTGAGCGCGCTGGCGGTGCGGGAGGAGGACCGAGCGGAGACCAGCCTGTCCCCGGACATGTACGTGCATCCCGGGCTGCAGGGAGCCAAGCTGGAGGCCGCCGAGCTGGAGGAGCAGAAGAGCA;GO:0003677
scaffold1570_cov254;453862;exon;GTCAGCGTAGTTTTTCCGCCGAGTGCCGTCCACCTTGCCTGTTTTATCAATACAGAGGAAGAACTTGTTGGCAGAGTAAAGCCGCCGTAGTCGGACGTCGCCCTCTAGGTGATTGTAACTGCGAGTGTGTCTTTCCAACGTCCATGAACAGTTGATGCCACTCGCCAGCACCTGTAGGGGTTCATGTCCAACCCCAGGAGGACAGGCCCCCGTGGCGGTGCCAGCAGTGACCAGGAGCAGGGTGAAGCATGCCAGGCAAAGGGAGGCTGCGCTGGGTAGGGGGAGAGGTCGCCCGGCTGAGGCTGCAGCAGTGGTGGTGCCAAGGGCAGGTTCAGGACAGAGATGAGCTACGGACGGCGTCCATCTGCACAT;GO:0008083
scaffold1501_cov258;106146;exon;TTAGATTTACGTCTTGGCTCCAGCTCGTCTTTGTTGTTGCGGAGCCGTTTATAATAGAAACGAATATCTTCAGTCAAGGAGCGGATCTGCTGCAGCCTTACTTTCTGAGTAAAAGAACTCTGTATACTAAAGCTCTGATGCACAACTTTCCC;NA
scaffold2682_cov269;79518;exon;TTGTCTGCGTCCACTTTTCCTCGGATGAACTCGGACCTCCAGAACTGCAGTGCCTGCTCCAGAGAGAGGCCGATACCTTTGAGGAAGAGGCCGTACTGCATGCGACCGCCGTGGCGGAGATGGTGGTTCTCCCTGAGGCTCTGGTGCAGCTGCCTCATACAGAGTGGGAAGGACTTTCCTGAAAG;GO:0003896
scaffold548_cov254;995928;exon;TTGCGCTGGCAGATGATGGTGGCCTGCAGGTAGACGATCACATGATGACATCAGAGGCAGATGTGTATGCTGCGGGTGACGTGTGCACTGCATGCTGGGATCACAGCCCACTGTGGCAGCAG;GO:0016491
