scaffold19_cov187;566616;exon;ATCCGAACATCTGGCGAGGCATCATGTCCCCAGAGAGCCGGCTGGAACCAGCTTGGTCCGCAGACATGTTCCTGCGGGGAGGATTGCTTATAGCAACAGAGATCTTGCTTCCTTCTACCTCCATGCCGTCCATTTTCAGCACTGCCTGAGAGGCCTCTGCTTCATCGGCAAACTCAACGTAGGCCAGACC
scaffold47_cov157;196195;exon;CTTGAGAAGACCCAGGTCAGAGCCTTCCAACTACTACAGCAGCGAGGGCCAGAGGGACCTCCCGCTGGCCAAGAAGCATAAACCCAACCCCGAGCTGTTCCAGACGCGGCCCGACAAGTCCATGTCCGTCCCGCTCAGCCTGGAGCAGCAGCAGCTGCACAAGCTCTCCTCCAGCCCCAAGAGCCTCTCCTCGGAGGGCCTGAGCTCCGACAAGGGCCTCTCCATAGGGGGCAGCACGGGGGCGGCCAGGTGGGCCTCCAGGGAGAGCTTCTCCAGCGGCGGCGGCGGCGGCTTAGCGAGGAAGGGGCTGGGGGGCGGCGGCGGGAGCAGCGGTGCCGGCAAGGAGAAGCTGGTCAACCGGCTACGCCAGCGGGAGCAACTGGGCATGCTGGTGATGGCCGACAGAGAGATGGCCGACGCCGAGCTGCTGTCCTATCGGGAGGACCTGGAGAATCAGGACTGTCTCACGCAGATGGACGACCTGCAG
scaffold93_cov178;454361;exon;GGGTGTTTGGACCACGCAGTGTGACCTGGCTGCCAGGGGAGGAGATCCAGGGTGGGGCTCCGGGGCCACAGGTGAGGCCTGAGCTCAATCTACCCCCCTCCATCCTGCCTCTCCCTCCACCTCCCCTGGGTGCCAACTTCACCAACCCTCCTCCGCATGCCCAGCAGGCCAATCAAGCCATGTCTGCGTGCCACGCAAGCTGGGGACCAGGGGGACGGAGGAAGGGAGGAGCAGGCAGGCCGAGGCCCCATGTGGACCTCCTGTCCCTCTGCAACCCTCTCAGGATCTGTGTCGCCATCGCCACCGCGTTTAATTACCTCGCTCGTCTTCAT
scaffold98_cov181;1280392;exon;CTACAGGAAGATGGGCAACATGACGGGCACGGTGCGCAAACACACCCCCACCATGGAGGCCCTGCAGGTGCTCTACCACCGCATGCGCTATGAATACGAGTTCTACAACTTCATCCGCGACCAGTTCCACCTCATGAAGAAGAAAATTGGCCTCAAGTCCGCCTCTCAGCCACCCGCCTACTCGAACGATTTCCTGCGGGAGCTGGCCCTCCGCACCCCGGAGCCTCTGGATGAAGACGAGGAGCTGGACACGGACCTGGAGGACGCCAACAGCTGGCTGGTCCATCCC
scaffold142_cov188;257767;exon;TTCAGATCTCCCCCCTGAAAACGTTACTGGAGATTATTGTCAAGTATCACATCGAGGGCCATAAACACGACAAAGACAGCGAATCGGAGAAAGCTTTAAACTCTGCCGCCAACGTACACGCGTTTGCCCCGTCAGAAATGAATGACAGAAAAGCAGCCAGCAGAATAAG
scaffold153_cov170;466931;exon;TCAGAGACCACGCCCACCTCCTTGGCGAGGCGCTGGGAGGCGCCCAGGCTGGAGGGGGCGGAGCCTGACAGTCTGGTGGCCAGCGAGTCCACGTCCCCGAGCAGCTGCTGACCCGCCTCCCGAGC
scaffold176_cov169;163634;exon;CTGGAGATGATGATCAGCTGGTAGGCGGCGAGCGGCAGCGTGACCGCCGTCCGGACCGCCAGCGTTCCCGCGGCAACGCTCAGCCACCACGGCAGCCCGCTGGCCTGCTGCACCTGCGCCAGGAACTGCTCTGCCAGGTGCACGGGCGCCGAGTCCGCCAGGCCGCCATACCAACCCCCGACTGCCGCGGGGTCAACTCCGGGCCCGCCGGACGCCGCCCGGACCGCCAGCAGCTGGTGGCGTGTGTGAGGGGCCGGGGGAGGGGCGGGGGGGGGAGACCTCTGCACCAACGCTGCCGAGCAGACAGCCTGGACAGGAAGCTGCAGGACGCGGCGTCCCCCAACACTCAGCAT
scaffold176_cov169;347947;exon;GAGCTCCTGCAGGCGGTTCAGGTTGATGATGTCCTCCGCCGCGCCGTCGTGTCGAGGACATATGAAGAGGTTGGACTTCTGCAGGACAAAGTAGGCCTCCTTCCACTGCTGAGGGTCCAACATGGCTCGGTAGCGCAGCAGGCCCACCCGCTCAAACTCCCGCGTCAGCAGGCAGTGACAGCTGAGCGGCGTTGCAGC
scaffold197_cov202;492070;exon;TCTTTCTTGAGCCTTGTATTGGTTTCCTTTAATTTCTTTTTGGCTCGTCCTGCCCCCTCTGCCATGTACCAGTCCCCTCCTCTGAGTGAGTCCGTCCACTCTTTGCGCTTGACGAAAGGTTCCCATTGGTGAGGGTGTTTGAGGAGAGTTCCGACCTCCACTGATCTGAGGCGGGCTGCCTCCAAAGCGATCTCTTCGTTACTAGCATCTGGTTTCATGCCACGCGCTAAAGCGTGAAACAGGCAGCTTTTGTCCTCACTGTTCACACTCACCGTCTTATTATTGAGTAGCACATCATAATGGCCGTTTGGGTATTGGTCACTCTTTGGCCTGTAGACCAGTGTTACCGTCTGACTGCTTTCTTTTGTTCCTGGGTTCACCTCTTGCATTCTGGTAAGCTTGCCATGTCTGTCCTCTGTCAGGATTACAACCTTAGTGCCTGTGGTTTCGGACAGGACTCTGACATCCAGAAGGGTACCAGGCGTTTTGGGGTTCTTGATCTTTTCAGCATGTCCCTGTGAAAATTTCCCAACACTTCCAGCATGCTTAGCATTCTGGTCTGCTGGCATAAATGAGATGTATCTGTTGTTTTGTCCTGCTTTGAGTATTGCCTTTGATCTGTCACTTTGGATGACTGTTTTCACATATTTACCAACAACGCCATTGACTCGTCCTTGTATGTGAGAAACAAAATGCCTGGAGAACTTCTGGTCAAACACATCCACCAATGCATCCGCTAATAAAACACAGAGGACATCAGCCAAATCCTTTTTGAATTCTTTCAGCATTTCCCTTTCAGAATCAGTCATCTCATTTTGCTCGTGGATCTCTGATGGACCTTTTCCCTCATTGAATTTATTCAGTTCTTTATTCAGGTTTGAGAAAAACTTATTTGAGAGGCTGGTCACTGTGATGATTGCATTTGTTGCCAGTGCCCCCATATGGACCGCCTGAATGGTCATCAGAATTATTTGTGTTTTACCCTTGGCTGCCGATGTGGCCTGTTTCATCACAGAGGAGATGGATGAGTTAAGCTTGCTCTGCCAGCTGAGGTCTGCGTAGAATGGCTGTAATGCACTGTTGCTTAACTCTTTGAAAGTGTCCATGAGTTTGTTTCTTCTGTTCTTATTCTGCAGAAGATCAGAACATTGTTGTTTGCCCACAAGGTGTGAAAGAACAATGTTGTCTACTAATGCAGCCAAGGGATCTTTTTCCATGAAGGATTCCACATGATTAACGATTCCATTTTTCACTGCTGTTTTAATTGCTTTAAGTATTTCATTCAGCACTGCTCCTTCGGCTCTCCCTAAACCATAGCTCACCATTTCTTCAACCATCTTTTTTGCAGTGCATTTCACTGCGTTCTTCATGTTTGTCTTTACAACCATACTCAGGCCCTCCTTGGCTTGTTTGGAGAGAAAAGCTGGCACTGACTTAAGTTTGGACACCCCTTTAACCAGGAGTTTAGTAGCTTTGAAACCCTTTGCCACCAGCTTTCCAACCCCAAACCCAATTATAGATAGACCAATGGAAATAGCTTTCTCTATAGCCCATGACTTCCAGCTGAATTCTCCTTTGATCATTGACTCAATGCAAGAGATGCAATCTGACACTCCTTCAACAATCATCCCTATGCCAACTTGAACTAATGCTCCACACGTGAATACAGTGAGCAGGGTTCCTCCAATAATCTGAAGAACTCCAAGAAACAACACTGCCAGGGCTTCCCATGGGAAACGAGGCTTCTCTTCCACAGAGAAGACATATTTCAGACCTCGATTATAGAGAATGTTGGCTTCTACTTGGAGGTCTTCATCAGCACCTGATACCAGGGAGAACATTGGAGATTTTTTGGCTATTGCATCCCGTCCTCTCTCTTGTATCTCCGCCAGCTTCTTCATGGCCTCACTAATGTTTTTATCAAAGTAACTGAATATGTTGCATTTGTCTGCTAGCTGCTTTTCAAGGTTGGTTGGGTTACTGTTGTCTAAGTTGCCAGAAGACATTTTTACAAACTGCAGGCAGACCATGCATTCCTCGCTGAGGAATTTAAGAGAATCCTGGGCTTTCTTTAGATCATCTCTGGCATCCCTGAGGTAATCTCCCTTCCGTTTCATTATAGTGCAGTATGCATGATTGTAGAAAGCGATGGCTGCCCAACTTGCATCTTGTTCCATTGCTTTTGCAAAAAGCCTCATTCCAACATCCCATTTTTTATCATCCAACGCGATGTTCCCAAACTTGATGTAGTGGTAAATGCTCGAACATGGTGAATTCTGATTTTGAGACTGAAGTTTTGCTTGCAACAAATCCATTTTCAAGCTCTTTTGCAATTCATCTCTTTTCAACTGGTCAATTTCCTGTGATTTAGTCTGCAGCCAGATCCCCCAGAACTCATTCATGATGGCAACAACAGCTCGCTCTTCATCTCCATGTGTGTTCATGTATATTTCCTGAAGGGTTCTGCAGTATTCATCAAAGAGGTCCTCCCGCAGTTTCATCTCAGTGATATCGGTCATCATTGCCTTGATCTTATCTGCTGCAAGTCTATCCCTGGTTTTCTTTGCCTCCTCCAGAGTAGACACGGCACTGAAGGCCTCCTGCAGGTGATCTGTGTTCATGATGATCTTAGCAGATCCAGGTTTACCTTTGCGTGCAGTTCGGCCAAATGCCTGGAGCTCCACTCGTGTGTTCTCAGAGAGGAAAGAGAGAACCACAAATAATCCTCCGTTGTTGTTCACCTCTTTGGAGACTTTAATGTTTGTGCCACGCCCAGCAAGGTTGGTGGCAACAATGACGTCACCAGGAAGTAGTTTCCTATCTATCTTGCTCAAACTGTCCTTGTCATTGCGGCTGTAGATGATGATCTCACCTGGGATGATGCCTTTCAGATCCTCATAGATCTCTGTGGCTTTGTTGATAGTTTCACAGATGACCAAGGCAGCTCGTCCACCTCTGTATGAATTTGGGGAAATTTGATCCATGACTACACGTTTGATTTCTGATTTCCACTCAGCAACAGAAGTCTTGAGGGTACCTTTGACCTCAAATAATTTCCTCCTGTTGAATGTTGGCATTTTGCAGGCTGAGAGATTTTCATAGAGGTTCTTGAGAAACAGCATTTCAGTTTCATTACCAAGTGTCCCTGTCGTTCCGTATATTTTCCCTTGGTATTTTTCAAAGAAGGCAAGATTGGAAATGTAGTTTGTAACCGCAGAAATTGTGCTAAGTTTGATTTGGTGTTTAATTTCAACAAATTGCTGCAGCCCATCACCCCACTTCTTACTCAGTTCCACAATACCAGTGGAACTGAAGTCTACTGGACAAACGTTGTTGTTCTCTACAACATACTCGCGACCATCCTTCAGCATAATTGCCAAAAAGGCATTCTGAACCCACACTGAGATTTTAGTCTCAATCAGATTTTTCAGGAATGCCGGAATGCTTATCTTGTCTTTATTGTTTGTACATGGGGTGTACTGAATCCTCTCTGAGATCATTTCTGCAATTGGCTTAATGAGAATTTGTTCAGAGTCATAGAGAGGACAACATAGTCCTTCTTCCAATACAAGAAATTTGAGATCTTGAATGTCTGGGCTTTTGTAGGTGCTGGGCTTTTGGAGACAGAGTGTTCCACTGTCATCTAAAGTGTACACTGTAAAACTGTAAGGAACATACTGCTCCATTTTTTGGAAAAAATCAATCACTTTATCCTGATTTACAGTTTTCAGCTTTGTGAGAAGTTCATCCTTTTCAGTTTTGAAGAGATCTTCCAAAAATCCTTTTGGCACAGTGTTTGCTTCCTCAGCAATACGTAAGATATCAATTGGATCCTTGATTTTAATTTCTTCTGTGTCGATTGAGTCAAATATGGCCTTGAAGAATGACGCAGGGGGACACCTTACCAATGTTTCTTGTCCAGTTGACAGGAAGCTGTACTGGCTGACGTGGCCCCAGATCATGGTCAGAATAATGTTTAGGTGCTGCATGGAGGCCAGGGGAGTGGACAGGTAGGTCAGCTGGACTCCCTGATCCAGCAGCAGTGAGTCAACTTCGTCAATTATGATGCACTGATAGCTGCGATCAGGCTTCACATCCTTCATCTCAAATACCTGACGAAGATGATCTGCGGCGAAGGCTTCGACTGTTCCGTATACTATGTCCCTCTGGTAGCATTTTTTTCTCTCTTTATCTGTGGTTTTATTTGTATTTGTGTCAACTCTGAGACCAAAATAGGAATAAAACTTGGTCCATTCTTGTGCATCTCTTTGACACAGCACAGAGGAGCTGGACACCACGTCCACCTTTTCTCCCCTAAGTGCACGCAATGCTGCAAACATTGCAATGACACAAGACTTCCCTTCACCAGTTCCCATTTCCAGAAGTTTCCCAGTGTCAGACATGGCCAAGAAGCACCAGCTTGTCATTTGAGTGGTTCGGGGCCACCACTTCCTTTCACTTATGTAATGGTGTACTCCATAGCATAAGACTGCCAAGATCTCCTGAAGGTCCACTGTATCCACACTGTGACTCAGACTTCGTGCTCGTTGTACATCTTTGTACTTCTCAATTTCACCAGATCTAATCAGCTTTTTAACAGCCGTTACAATGTGGTACGACTTCGTAAGTGTTTCTTCATCAATGTTTTTCATATGTCGTATCTCATCAAAAAGATAGTTGATGCTTTTTTCCTCTTCATTTTCAAAAGCCGCTTCTAGATGCTGGATTAGAATCTCAGTTTTCAATGATTTCACAAGCTTAAGCACAGACTGGTTCCTTTCATCTTTCCACTCAGAAGACACCTGATATGTTTCCATCACATGTAAAATCTTCATGGTGGAAGTAAAGCCTGTATCCTGATGGTGGTCACTCAATGCTACAAGGAGGTTAAGTGCTTCTAATGGTGACCAAAGTTGTTGAGCTACAAGATTTGACATGATCTGGAAGAGGTCTTTGAGTTGCCCCTTTTCCATTTGTAACTGTATTGCAGTGGCAAATAAAACCTCCAGACATGATTGACCTATTACAAATGACTTGTTTTTGTCATGTTCATTTTCCCCCGAGGAAACATGAATGAGATCAACAAGAAGAGTCAGCATGAAGGCCTCATGAGCAGTCAGTTTTTTCCCAGCAAGTGTTTGTAGGATTAACACAAATTTGTCAGCATCTCTTTGTCTTCTCAGGTTAGTGTGGAGAACCTGAAACAGAGCCTTAATAAACCATTGATTTAGTCCCATGTTCTCACTGTTAAAACTAGCCATGGCGCTTTGTAGGATCTCTGCGGCAAACGTTAGCGCATCATTTTCTTTGAGTCTTGAAAGTTCCAGACTATGTGCTGTGAGACCTCTTTCTTCAATGATGAATCCTCGTCTGAGGCCAAGGCTCCCTGCTTCCTTCATGTCAAACCCAAGTTGCAAGTAATCAGAGACAAAGTCATCCACAGTACCATACACGATGTCTGTTTCATAGACCTCCTGCTGTGATGCATCTGTTTTCTTCGTGTTTGCAGACAATAGAATTCCAATGTGATTGTAGAAGTCAAACCACTCCTTAGTTTGCTCATGTGAGTGGATGTCAGAGCTCAAAACAAGGTCCAGTTTGTGTCCCATGCAGACTTGTGTAGCTGCGAACATGGCAATGACACATCGGTCTTCTTTGACACCAACCAGCTGTGGTGCTCCCGTTGTCTCAGTCAGCACCAACACACACCACCTTAGCATCTGCTGCACCGTGGGCCACCAGCCTTTAATATCAAAGACTGCTTTGCAGAGTTGACATAGGGAGGTTTTGATTTTATCTGTGTTTACATTTGCAGATTTAAATGAATCTTTAACAAATGGTTCATTTTCTGGGGCGCTGTTTGAATATAATATGACAGCTGGGATGATGTTCCTGATCATGTCAGTGACTGAATCATCTAAATTCCTTGACTGTTTTAAATCTGCCAGAGCGCTCTCTAGACTTTTCACATCTTGCTCTTTGAGAGTTTTGCGGAAATCCACTTGGAAATTCACTGGTCCAGCCAAGTCCAAAACCTCGAGTAGTGAGTGTCCAGCATCATCTGACCACCCTGGGGATATTTTATAGACTTGTATCAATGTGAGAACCTCAGTTATTGGAGCATCCTGCACATATTTCTCTGACAGCTTCTTGAGCAGAGTTAGTGCTTCTGCAGGGGTCCATTGGTTTGTTCTCACAAGTCTGAGGACCAGTTCAGTGGTTTCTAAGCAGTTTTCCTTCCCATTTAGATGTGTTAGTGCTTGTAGGAGAAGTTCCAGGCATCGAATTTCCATATCTAAGATGTACATGGAAGTTTGTTCAACTGTAGTCTGCAGTGATGCAGTGAGAGTACTCAGGAATTCTATCATAAATAGATCCTCTGTGGATGGGTCCTCCTCAGCCCATCTTCTGGCTATGAGAACTGCATCAGCATCACAGCTTTCGTTCTCATTGAAGAAGTGCATCAGGTTCAGGTACAGGGCCTGAGTCAGCAGGAAATTCTCTGAAACATTGTATGCTGATTTGCTGATGGCTCCTACCAGGAACTGCACATTCTTGGAGATGCTTTGCAGGGATTGTTCCTCAGATTCTTCCAGGGACAGGGCACAGAGCTCTGTGATGAAGACCTGAGTGTGCTGCAGTGTGTTCAAGGATGGAAGGTCATGGATCCATTCATCAAAGAGGAGTTTGTCCAGGGCTGAGAGGATGTTCTCCATCTGGTCAACAGTCAACTGAGAGAGACAGAGATTTTCAATGGAAACGCTGCTTTTGGATGAGAGGATCTCCAGAAGATCCTCAGCGCGATATTCCTCAAAATCACCTGCATGTCTTAATAGAAATTGCTGCTTGGACTCGTGTTCCTCTGTAACGTCTCTACTCTCTTGTTTCTCATGTTGTTCTTGAGCTTTCTGCCATGACTTTTCAAGTCTTTGATCCAGTTCTTCTTGTATCCTCTTCTCTTCAGCCTCTTTTTCTCTTCGCTGCCTCTCCTCCTCTCTTCTTCTCTCCTCCACACTCCGTCTTTCCTCTTCTCTTCTCCTCTCTTCCTCTCTCCGTCTCTCCTCTTCTCTCTTCCTCTCTTCCTCTCTCCGTCTCTCCTCTTCTCTTCTCCTCTCTTCCTCTCTCCGTCTCTCCTCTTCTCTTCTCCTCTCTTCCTCTCTCCGTCTCTCCTCTTCTCTTCTCCTCTCTTCCTCTCTCCGTCTCTCCTCTTGTCTTCTTCTCTCCTCCTCTTTCCTCTTTTCCTCTTGATCTCTGATGGG
scaffold216_cov189;997921;exon;TGTCACGCCACCACCACCGCTTTGAGAGGGACTACCGGGGACCCTGGGAGCGGAGAGACGTCCGTCCCTCCGGCCTCCACAACGGAGGAGCCAACCACAGCTGTGCCTCTGCTGTCGTCAATGGCAACAACCGTCCGGGGCTCCTACCCCTCCCCGTCATCCCCTCCCTCCTCCCCACCCCGGTTACAGTTGCCGTGACAACGTCGAGCAGCGACATAGCGGTCAAGCGAGGCATCACAGCGGCAGGATCGGTGGCACAGGCGTCGGCCAAG
scaffold224_cov197;1279982;exon;TTGGCTACCCCACTTGATGTGGTGTCACTGTGGAGATAAGCCAACCCCCGAGCGATACTGGCTGCCATTGGTATGAGTTCTTTCCAGCTCAGAATGTTTGCAGTGAGGAAGTCCTGCAGGTTCCCAAGGCTGTGATAGGCTAAAATGAGCCAGTACTTCCTGAGGGCAGGTGGGCCCCTCTCTTCGGCTGCGAGGAACCGGACCACGTTGTCATGCTCCAGCTTGGGGTCGGAAAAAATGGAGCATTCGTTTCTCCATGAGGCATACTCCACAGGCGGAAACACCTTCACTGCTACGTTTTCATAGCTGTGAATCCCACCATCTTTGCCCTGCAGCAGGCAGGCCCTCCACACTTCAGCGAATCGGCCTTTGCCCACCAGTACCTCCAGCTTGACCGGCAGAGGTTCAACAATTTGACCTTGCCAATCTGTCCTCCTGTCTTCATGGTTGAGAGATGCCACTTTGGCATTGGAGCCGTCCCTTTCAGCCCCAATGCTCATCAGCCCTCTACCATCATGCCGACCACCGCATGGATGGTCTAGTGCCTGATAAAGCTCTGGATTGGGTTTGGTGGTCCAGTCAGGGCGAGCTGGGGGACCGGGCTTGCCAGGTTGGCGCGTGCGATAGTAATAGAAGGCGGCAGTAGTGATTAACGCCACCAAGACAGGAGGCACTAAACTAACCATCACCACTGGGATCACATCTTTACTCTGCAGCTTGGAGAAAC
scaffold278_cov165;240703;exon;ACGGTGTGAACCCAATGTGCTGGGGGGTGTTTGGCGTATTTCACGGCCAGCTCCACGATCCCCTCCCTCTGCAGCAGCGCCGGGCTGGAGCACATGGAGAACCCGCCCACCTTCTCCACGCCGGGGATGAAGAAATCCACC
scaffold302_cov178;605865;exon;TCGGCTTTCTCCTTGCTGGGGTCTGCGACCGGCTGAGCAGCAGCGGGCGGAGCGGTGGGGGCGGGCTGCGTGCTGGTGGTGGTGGTGGTGGAGGCGGTGATGGTGGTGGCGGTGGGAGGCGGAGGAGGAGGAAGAGGATCGGGGTCGTCGATGAGGGCCTGCCTCCTCTCCCTCTCCTTGATGACTTGAATCAGGCAGTAGGTCACAAACATAGTGAGGATGGTGGTAATGGGGAAGC
scaffold341_cov190;302772;exon;AGGAGTTCTGTGCCCCAACGTCAGCGCCCTGCAGGAGGTGAGGAACTGCAACGAGCACCCGTGCACCGTGTACCACTGGCAGACGGGCTCGTGGGGGCAGTGCATCGAGGACTCCTCCATCCCCACCACCAACGCCTCGGCAGGCCGAGCGCGCGGCGATGACGCCTCCTGCTCAGTCGGGATGCAAACACGCAAGGTCATCTGCGTGCGGGTCAACGTGGGACAAGTTCCGCCCAAGAA
scaffold343_cov183;104518;exon;CGGAACAGGCGCACAAACCAACTCCACCTCCTTTTCGGCTCCTCTTGCAGCTGGCCGTCTTTATTCTGCTGGTCCGACTCTTGGTCTTGTTTCTGCGGGACTTTAGCTAAATTGTTCTGTTTGTCCTCAAGCAATCCATCAACATCGCCGTTCTTCCAAAATTCATTGTCTCTCTCCTCTTCCTCTTGAGCTCCCTGCTGAAGTTCTAGCACATGTATTGCAGCACTCTCCCCGGCCTCGGCAGCAGTGGCACGCAGACCCTGCAGGGGGTTTTCTTCACTCGCTGAGCCGTGCTTCTGATGCCACTGCTTTGCCTCCCTCAGGGCATCCACGAGCTTCTCGTTTTGCTCTCTCTGCCTCTGAAACTCGGCGTCCTCTTTCTTCCAGAAGTCCTTAGCTCTGATCTGAACATTTTCCCGTAACTGACTGAGGTCCACTCTGAGCTCCCCCGCTGCAGCTCCGTCCCGTTTGTACGTGGGTGGCTCTTTCTCTGGGCTTTTTCGATGAATCTCAGAAAAAGGTGTGTTTGTACTCCCATCAGCAGGTTCAGACAGGCTCTGCTGGTGCAGTGATTTCCACTGAGCCATCCTTCTGCTGCCGAT
scaffold428_cov176;242149;exon;TCTGGGTCTGGCGCTCAACTTCCAGCCCTCGCTAATTATGCTCAACCGCTACTTCAGTGTGAAGCGTCCTCTGGCTAACGGGCTGGCGGCGGCGGGAAGCCCCGTGGCTCTGTGCTGTCTGTCCCCACTGGGACAGGTTCTCCAGTACAAGTATGGCTGGAGGGGGGGCTTCCTCATACTGGGAGGCATGCTGCTCAACTGCTGCGCCTGTGGAGCCCTGATGAGACCCCTGCTGCCCCCCAAGAAGCTTCAGCAGCTGAACGGCGCCGCCGAGCCGGCTGCAGAAGAGAAGGCCAAGCCAAAGAAGAAGCTGCTGGACTTCAGCGTGTTTCGAGACAGAGGCTTCCTCATCTACACGCTGGCGGCCTCCATCATGGTGCTGGGCTTGTTCGTGCCGCCCGTCTTTGTGGTCAACTACGCCAAAGGACTCGGCTACGAGGACACAAAGTCGGCATTGCTGCTGACCATCCTGGGATTCGTGGACATGTTTGCCCGTCCAGCGGCAGGCCTCCTCGCCGGCACAAAGTGGGTGCGGCCAAGATGCGTTTACCTCTTCAGTTTTGCGATCATCTTCAACGGAGTCACCGACCTAGTGGGATCACAG
scaffold441_cov195;329126;exon;AGTCATGTTTTGTCCAACAGAAGCGCGACAGCCCCGACACAGCCTCCACATTCACATTGGTCTCCAGCGAGTTGCAGCGGAAAGACAAATTCATGAGAGTCCTCTTCTCCAGCAACGTGCGCAAGGTACGAACATTTCT
scaffold520_cov179;164175;exon;TGTTGGGTCTCAATGGTTCCCTGAACCATCTCTACGCGCACACTGTTACCGGGGGCGTCGGCACTGGCTCCTCTCGCTGCGTCTCCTGCAGGAGCGTCGATTGGGAACTCGGAATTACTCGCCGAGCCGCTCCTGGCACTCGCTCCGCCAAGAATCCTGTCACATGCTTGTCTCATGGCCATCACCACCTCGTTTCGGTTATCAATCAGCGTGATTTTCCTCAGACTTCGTCCTCTCTGACCGCCAAACTCTTTGATGGCGGTGACAATGGCCTCAGAGCACACAGGGATCGGAACGCCGTAAATACCCGAGCTGATACAGGGAATTGCAATCGACTGCAATCCCATCGTTTCGGCCAAATTGAGAGCCGAATGTACCGCCTTTTTCAGCAAGACACTTTCATTTCCAGCCACCATCTTGCCGACCGGCCCGACGACGTGCAGCAGAGCCTTGCACTTCAGTTTCCCCCCTGACGTCATCACTGCCTCACCGATCTGAACCTTCCCGCGCTGCTTCACGATGCTCCTGCTCTCCTTCTGCACCTCGGGGCCGGCCGCTTTGCTCAGCGCGGCAGCAACGCCGCCGCAGTGGTCCAGGTCTTCATTGGCCGCGTTGACCAGAGCGTCCGCGTGCACCTTGGTGATGTCACCCTCGCACACCAGCACCTGGAGCCCCTCGCTGAGGGAGTAGCTGGAGGGCGGCAGACCGCTGGCAGAGGAGGGATCCTGGCCCTCGAGCTGCAGCATGCACCGCTCTGACTCGCTCAGCATGCACAGACTCTCTCTCCCGGGGGAACTTTGGAAGTATCTGACAGCCCCCGGCAGGTCAATGGTGAGGGTCTGCTCGACAAGGGAGTCCAGCAGTGGGCCCAGCCTGTTCCTCACCTCGGTCACTTTCTGAGACGGACCTTCCAA
scaffold547_cov167;343146;exon;GATTTTGTTAAAGTTGTCAACAGCAAAGATGTGCTCCATGCCTTTCTTTTGCTTGTCGTTGTCTCCCTGTTCACACTTGGTTGCCATGACTTCAAACAGTGTCTTGAGGATGCTGCGAAGGTCACTAGCATAGTTGGTCTGCAGCTGATCGGCAACAC
scaffold592_cov197;21530;exon;CTGAACACGGGGGTTTCCATTCCGCTGCGACTCTGCTTAATGAGCTTCTGAAGGTTCTGCAGGTCGGCGTGGCTCTGCGTGCCGAGGGACAGCTTGGAAGGCCAAGACGGCGACCGGTGTTTCGAAAGTGTTGGGTAAAAGTGGTTTGTGGTAAAGTCTGTCGTGTCTTTGTCTATGTGCACCCTGTAATTCTGCCCCCTGTTGTTGTCGCAGTACATCGTGGCTCCAGGTCCGGCCCTCAGGGACACGAAGAACTCGACTCGCTCGTTCGGGTCGACGTTCTGCGGGATGCTTAAGTCAAAGGTGAAGACGTCCATGTCGGAAATGGGGCATCGCTGCAAGAACCTGCAGGGGACGTCGCGATGGCTCCTCCAAGAGTCAAAGGTCACTCTTATGAGAACCGCCTTCTCAATGCTGGAGTGGAAGACGCGCACTCTGCCGATCAGCGAGTTCTCCGAAAGGCTGCAGCTCTCCAGTTGGACGCGCACCTCCCGCATCCGTGCGAGGAAGCCTTTGATGTCCAACGTCGGCTGAGGGAAGCCGAGCCGCATCTTGTGGCGCGGCGCTTTGTTGGGGGCGCTCTGCTGGCCTTGCAGCTTGAGCACGGAGGGTTTCATCACCAGCGTGGAGGTCGGGTAAGAGGCGTCGGGGATGAAGACGCGCACGGCGGTGAGAGCCAGCCCCTTGGCGTCGGCGAACACCACGCGCTTCTTGCTCGCGCCGCCGCTGTCCCTGCGGAGGCAGCTCCGGGTCTCCGGGGACAGGGACGAGGAGGCGGACGAAGAGGAGGAGGAGGAGGAGGAGGAGGGGGAGGAGGGGGAGGAGGGCCGCTGCGGAGACTGAGAACTGCTACTCTGCGGAGTGTCGGTCGGCTGATAACGAGGCAGTGTGGGCTGCAGAGGAGCCATGGACAGCAGTTGATAAAGTGGCTGGCGCTGACTGAGGCTCAGACACATGGCGAGGTCAACCGGCAT
scaffold612_cov178;35263;exon;CATGGTCAGGGGGACGCAGCCCCCGGCCAGCACCGCCCCGTACGCCTCCCTGATGCGCCTGCACGTGTCCTTCAGGTCGTACACGTTGACGTTGACGTCCCCGATGTCGGCCACCATCAGGGACTCGTAGGGCGCCGCCCTGGTGCCGCTGTTGAACGCCCGCAGCATCGCCGACTCCACTCGGATCTGCCGGGGACCGAAC
scaffold663_cov179;197625;exon;TGGGGGTTAATGTGAATACCTTCAGACAGCGGGATGGAAATGATGACGCCGTTTCCTGTCCCCACCCAGAGTCGGCTGCAGGACACGACCAACGCTGTGATTCTTACAAAGGAGAAGCCCAGTTTGCCCGTTC
scaffold864_cov184;1541264;exon;AGCCCCCGGCCCTCCCGGTGAACCCTTCATCTCCCGCTATGGCGCTGCACTCACGCTGCACTGGAGCAGCGGCGACCAAGGCCGCGCCCCCATCACACGATACGTCATCGAGGCCCGCCCCTCTG
scaffold997_cov168;119425;exon;TCCCAGCGGCCGTAGGTCAGCACGAACAGGGAGAACGGGACGGCGGTTCCGGACATGGCGTGCGTGGACGGCATGCTGTACTCCGAGTTGTAGAACATCTCCACCTTGACGACGGGCGGCGAGGCGGGCCGGGACCAGCCCAGCAGGTCCTTGGTGCACTGGCCCAGGTACATGACCCACACCCACACCGCCACCAGCCGGCGGCCCACGAAGGCGTCCACGGTCCAGATGACGAAGGGGAAGAAGGTGATGTAGAAGAGCTCGTTGCCCAGCTCGGTTCCGAACGTGAACATGTAGTAGAGGAAGCGGTTCTCGATCAGGAACTCCTGGCCGGCGTCGCCCGTCAGCGAGTTCCGGCGGAGCGGCTTGACGGTTCCGTGCGGCCCCGGCGGAGCGCTCCGGTCCACGCTGGGTCCGCCCGGTACCGCTCCGTTGCGGCCGCCGCACCTCCTGCGAGCCGCATCTTCTCCTCCTCCGCACGCCCCGTTGTTGCTCTCGTGGTTCCGGTCCACCTCGCCGCCGCCGCCGCCGCCCGGAACCGGAAACGTGCCTCGGACCCCGCAGAACTCCTGGAAGCGGGCGACGAGCCGCGGGTCCTGCAGGTACCGGCTCAGCTCGCTCAGACGGCCGGAACTTCGCTCCAT
scaffold1094_cov153;491529;exon;CACAGTGGGGTCTCCGTCAGACACCAGGATGATCATGGAGACGGAGCGAGGGTCGATCAGCCCCTGGTTGGAGGCCTTCACCAACATCTGCACGGCTCTCATCAGAGCCTCGTTGATGTTGGTAC
scaffold1314_cov189;174748;exon;TTCTTGGGCTTCTCCTCCTTGGTCTCCTTTGACTCGGTGCCAGAGGATTTCTCCGCCTTGCCTCCATCCTTGGCGTCCTTGCTCTCGGGGGCGGCTTCTTTACTCGCCTCCTTTTTCTCCTCGGGCTTCTTGTCGTCCTTCTTGGCCTCCGGCTTCTCGGGTTCGGAGGGTTTGGGCGCGGGCTTCTCCTCTGCTTTCTTCTCCTCCGCTTTCTTCTCCTCTTTCTTACTCTCTGGCTTTTCGGGCTCAGCCTTCGGGGCGGGCTTCACCTCGGGCTGGGGCTTCTCCGCCTTGGGAGCGGGGGTCTTCTCATCCTTGGCGGGGGGAGCGGCCTCTTTGGGCTCGGGCTTGGAGGCGGGTTTGTCCTCGGCTGGCTTTGCAGGGGCTTCGGGTTTCGGGGTGCTGTCCTTCTTTGGTGCCTCTTCGGCCTTCTTTGTCTCAACTTTCTCGGGCTTCTCCACTTTGCTCTCGGGCTCTTTGTCCTTGGGCTCCTCCTTCTTCTTCTCCTCCTCCTTCACTGGTGGCTCCTTCTTCTCCTCCTTGACGGGCTCAGGCTTCTCCTCCTTCTTCTCCTCTTTGGGGGTGTCTTTAGCATCCACCGGCTTGGCCTTCTCCTTCTCTGGAGATTTGGGCTCGGGTGTTTTGGGTTGTGGGGATTTGGGTTCCGGGGTCTTGGGAGGGGGGGATTTTGACACTGGTGACTTTGGCGCAGGTGATTTGGACTCGTCTCCTGCAGGCGATTTGGCTTCTGGTGATTTAGACTCTGGTGATTTTTGAGGAGATTTCGATTCTGGTGATTTGACGGCTGGAGATTTGGGTTGGGGGGATTTTGGCTGAGGTGATTTTGAGGGAGGGGACAGGGCTTTTTCAGGAGTTTTGGACTTCTCCTCTTCTTCCCCTTCCTCAGCTGCCTCCTCTTCCTCTCCCTTCTCTTCCTCTCCCTGCTCTTCCTCCTCTCCCTGTTCTTCCTCCTTCTCCTCCTCTGCCTCTACTTCCTCCTCCTCTGCCTTATCTGCCTCTTCCTCGACTTCTTCCTCCTCATCTTTGGTTTCCTCGCCCTCCTCCTCTGCGTCCCCCTCTGCAGCCTCTTCCTCTCCCTTCTCCTCTTCCTCCTCTTCCTCGTCCGCTTCCTCAGTCACCTCTGTCACCTGGGTCTCGTCGGTCTGCTCCTCTACGATGACCGTGTCTGATATCTCCTCTGATTTCACCTTCAAGTGAGTGGAGAATCTGCTCTCCAAGTAGGAGTATGGGCTTCCTCCCGTCACGAAGCGGTTCTCCTCTCCCTCGAGCAGCTTC
scaffold1328_cov178;327728;exon;CAGCAGCTATGGAGGAGTCTGCTGGATACGATGGCCAATGAAGCCATTCATCTGAGACACCTGCTGAGCCTCCCAGAGAGAGACTCGTGGATCTACAAAAGTGATGACGCCTCAATCACTGACTCTG
scaffold1331_cov199;693676;exon;ATGGCAGCGGTGCCCTCCAGCGCAGCGGCTCTCTTGGGAAGCTCAGGGATGTTTTGCGCCGCAGCAGCGAACTCCTGGTGAAGAAGCTGCAGGGCAACGGACCGCCTGAACCCCGCAGCACAAA
scaffold1750_cov221;53437;exon;GGTCTTCAGTCTGAACGTACCGGTGGAGGCACTTTTCTTTGTTGGTAACCAGCTGATCGCCACCAGCCACACAGGGAAAGTTGGTGTGTGGAATGCCGTCACCAAACACTGGCAGGCAA
scaffold1949_cov188;465881;exon;TATGTGGATGAGGTGGCCCTGACTGTCCAGCATGATGTTGCCGTTGTGTCTGTCTTTAATCTGCAGCAGGAAGAGCAGTAAACTGTACGCCGCCATGCTGCGAATGAAGTTGTACCGAGC
scaffold1949_cov188;630715;exon;TGTAGCAATGGCCCGGCTCTGTACGGCCTGCCCTGCCTGCCCTTTGATTGGCCGAGGCTTGCGAGGTCCACGTGACCTTGAAGGACGACACTCCGGTCACACGGTCGAAGAAGCGTTTCTTCACCCGGCCACAGTCGACCACGTATTTGATGCCGGGGATGGTAAGGGACGTCTCGGCCACGTTAGTGGCTACGATGCACAGACGAGTGCCAGGCGGAGGAGGCCTGAACAC
scaffold2002_cov160;77737;exon;TCCAGCCCGTCCGCTCCGACACCCTGCCACAGAGAAAGCACACGTCAGGAT
scaffold2212_cov164;65393;exon;TTGCTGCTGCTGCTGCGCCTGCGTGGGCTGCGAGAGGAGGAACTGGGCCGGGGACTGGAGCGGGTGGCCCGGCATCAGAACCAGCTGTTGGAGCTGCAGCAGCTGCTGGATGTCCTGCAGGAGACGGACACAGAGAATCCACCATGAGGAGCTGGAGCTCCTCGGCCGGGGGGGGCGGAGCTCAGTGAGGCAGCCTACCTGCGCTGTCAGCTGGATGGGCTGCGACAGAGCCAGCTGAGGAGGGGGCGGGGCTTGGACGGCCGGCTCCTGCTTGGTCTGCTGCTGAGATTGTGATTGGCTCTGCTGCTGCTGCTGGTTGGCCTGCTGCTGCTGCTGCTGCTGCTGCTGTTGGACGGCGGCGGCGTGCGCGGCGTGCGCGGCGTTGGACTG
scaffold2267_cov185;732982;exon;TTCTTATCCACGCATTCCACCCCCATCAGTGGGAAGACGACAGCACATGCCACCGGGGTCAGCTCATTGTTGGCAAAGCTGAGCCACTGCCACACCTCGCTCTGCTGCTTTGCGTCCGCACCTGCCTTCTTCCCCTGCAGGGCCAGGTACCAGGAGACGGCANNNNNNNNNNNNNNNNNNNNNNNNNNNNNNNNNNNNNCCTTGACACGGGGGGATGGACAACCTTCAGCGGCGAGGAGAGCCAGAAGACTCCTGAAGTCATCAGGGTGCGGGGACACGTAAAGAGTGGCCATCC
scaffold2677_cov212;43584;exon;TGCAGCCTCAAATAAACCCAGAGCACACGTGACGTCACCAGAGAGACATATTTACATTTGGCTGAAGGAGTTTCAGCAAAAACCATGAGAATTGTCAGTGAGGTCAGTGAGGTCAGAGGCTGGGGGGGGGGGGGGGGGGNNNNNNNNNNNNNNNCCAGAGCTCCTTTAGCCCTCCAGTCTCGGGCCAGAAGCCCCAGCAGCTCCTCCTCGTCGTCATCCTCCTCGTCCCCCTCCTCCAGGCCAGGGCCAGGGCCACCACCACCACCTCTTCCTCCTCCACCTCCACCACCACCTCCTCCTCCTCCACCTCCACCCTCCTCCAGCCTCCGGGGCTCGGAGCTGCTCCTCACCACCTCCCTGCGGTCCCTCAGCAGCTCCACCCGCTTGTAACACTCGATCTGCTCGTCGATCTCGTCGATCTGCCGCCCGAGTCGACCCTCCTCGTCGTCCTCGGCCACGATGGCCTCCGACTTGGTGTTGACCTGCCGGATCTCCTTCTGGAACTCCTCCCACTCCTTGTCCATCTGGTCTTTGGGCGCGTCCACGTTGCGCACCTTGGCGTCTCTGACCGGGTCGTCGAAGAAGCCCTCGGGCAGCGCCTCGGCAGAGTTCTCCTTCCGGTCCGAGCTCTTCTCGCCCGCCTCCGCCTTCAGGATGGAGCCCGAGTGGGAGATGGTGGGAGTGGGCGGGATGGAGCTGTCAAAGAAGTCAGCGGGCAGCAGACCCTCGGGGGGCGGGGCCGAGGCGGGGGCGGGGGCGGGGGCAGAGGTGGGGGCAGGCTGCCCTCCTCCTTCCTCCTCCTCCTCCTCCTCCTCCTCCTCCTCGTAGCAGCCCGCCAGGAGGCTCAACCCCGCGGACGCACCTCGGGGCCGCGGCACCGCCTCCTCCTGCTGCTGCTCCTCCTGCTGCTCCTCCTGCTCCTCCTCCTCCGCGCATCTCGCCTTCTTGCCGCCGCGCTGCTCCTCCTGCTGCTCCTCCTGCTCCTGCTGCTCCTCCGGCGCTCTCCGCTTCTGCTTGCTGAGCTTCAGCTCGGCCACCTTCTCCCTGTGCGTCTTCCCGAGGACGTGCGTCGTCCACAGCAGCTCGGACTTGAGCTGCGCGGCGCACAGCGCGCAGCTCAGCGTTCCCGCGCTGCTGTAGCGCGCGAAGGGCGAGTCGACGCGCTTCCGGTCGCTCGTCTGTCTCTGCTTCTCCCTCATCAGCCGCCGCAGCTCCTCCTGCTTCACCACCTTCTTCCCCTTCTTCTGCGTCGCCAT
scaffold2843_cov162;105799;exon;GGGAGGACATTGTGTTCCTGGCCACAGACATAAACCTTCCGGGCGCGGTGGACTGGGTAATGATGCAGTCCTGCTTCGGCTTCCACTTCATGCTGGTGCTGGAGAAGCAGGAGAAGTACGACGGGCACCAGCAGTTCTTTGCCATCGTGCAGCTCATTGGGACTCGCAAGCAGGCGGAGAACTTCGCGTACCGGCTGGAGCTGAACGGCCACCGGCGCCGCCTGACCTGGGAGGCCACGCCGCGCTCCATCCACGAGGGCATCGCCACCGCCATCATGAACAGCGACTGCCTGGTGTTCGACACATCCATCGCACAGCTGTTCGCCGAGAACGGCAACCTGGGCATCAACGTCACCATCTCCATGTGC
scaffold3290_cov174;321557;exon;AAAGTGCCAGCGTTCCTGAACGTGGTGGACATCGCCGGGCTGGTGAAGGGAGCTCACTCGGGCCAAGGACTCGGAAACGCTTTCCTCTCCCACATCAGCGCCTGCGACGGCATCTTCCACATGACCCGTGAGTGGCG
scaffold3503_cov168;151852;exon;TGGAGGCAAACATCGTCCGACTGGTCCTCATCATAACTGCACGCAGCCTGGCTGACAAACACGTACATGTTTCTGAATGGAAGTCCTGGGACACTGCAGTGGAGGTCTGTAGAGACAAATACACGGAGCTCTCTGCCATCACCACTGACGAGGAGGAGCAGGTGTTCAGAAGATTGATGACTGGGAAGTCTGGTTTTACTGGCCTGTACAAGGATCTCAGTGACAATAGATGGAAGTGGTCGGGAGGAGTAATAGCTCCCAACCCAACCTCTTATACGAGTTATTGGTTCAGTTTGGATTCTGACCTTCATTATAATTATGGTTACTGGATGGGATCATATGAGAGCCGCACACCTGATAGTGGGCAGAAGTTCTTCTGCTTGAACTTGATTGTGGTGGAGGAGAAGAGGTCGTGGGACGAGACGGTGGATTACTGCAGAGAGACTCACACTGACCTCAGCAGCCTCATCTCTGACAACGAGATGCTCATGGCTCAGAGGGAGGTCCGGCAGAGGAACATCACCGGCAGTGTGTGGATCGGGCTGCGGCACCTGCAGGAAGGCTGGTTCTGGGTCAACAGCGACCCGCTGGTGTACCAGGCCTGGGCTGCAGATGGAGAGCAAGGCCAGCAGTGTTCAACCCTCAATAACTGTGTAGCTTTAAGCAAAGAGGGACTGTGGGAGATCCTGGACTGTGCGGAGAGACTCGCCTTCATCTGCAAC
scaffold3771_cov156;71124;exon;GCTGAAGAATGTGTGCGACGGCCTGGAGGGATGCGGCTTCCTGAGCGACGTCCGCCTCGCCGGGAATCCTCTCCTGCAGGAGAGCGGCTGGAG
scaffold4043_cov198;474309;exon;TGGTGATGACTCAGAGACACCGGAGCTCCTCCCCCCTCTGCCACCGTCCCCTCACCGTGGCGCCGCACAGCCTCATCTGCGCCTCCTGCAGGCGCTGTGCTCACTACGTCGACTGTCCGATGGCGGCCGCAGCGAGCCGTTGTTGCTCAGCCCTGACGTGGTGGCAGTGTTGCCGGACACAACATGCCAACTCTTGGACTCGGTCGTGGCGGCATGCAGGGACCGCCCATCAGGGGGCGGCGCCTGCACCCTGATGGGAGAAGACGACCTGCGGGAGGCCTGCAGAGTCGTGACCCGAGTGATGGAACTCCTCTGCTCGCACATGATGCCGCCCACCGAGTGTGTGAGGCGCATAGAGGAGTCGCTGATGGAGCTGACAGGGATGCTGCTGAACAGGAAGCAGACAGATGGG
scaffold4536_cov196;115212;exon;TTTGGTTCCTTTGGGGCAGGGCCTCTCCACCGTGCTCCCCGTGTGCGTCTGCGGCCAGTCGATGGCCCTCCTCCTGGTGGCCTCACAGAAGCGCCGCGGCGTCGGCGGCAGCTCCGGAGCGGTGGGCTCGGCCGTGGCAGAGCCGCGCGTGTCCTCAAAGGGGTCCCTGCCGTCT
scaffold4709_cov197;231940;exon;TGGGATGGTGGTCCTGGGGTCTCCGGTGAAGACAGACTGGCCTGGCTGTTGATACTCATCTCCAAGGTGTCCACTTTTTCGTAGGTCCTTTTTTGGCGACCTGGCATCTCAAGGGGGGTCAGCAGAGGGTTACCTGCCCTGCTCAATGAGCGGGCAGTCCCGGTGAGGTCCTCTCGTGATGAGCATCTGCCACCTGACGCTACTCCCCCTCCTCCTCCGTACCACCTGAGGGAGCCTGCAGGGGAGCGGGTCCGGGACACGACTCCCCTCTCCCCCATCTCCGGGTCTAGTCCTACTCTCACCTCCCTCATCGTGTTGGAGCGACTCACCACCTCTCTCATCTCAGCCATCAGCTTCTCGTTGAGAGCACACAGCTCCCCGCTGCTGCCCACAGACCCCGGCCTTCCACCAGCACCGCCGCCGGCTCCCACTCTTCTCCTGCTCTTTCTTCTCAGACTTGGAGAGGGGCCAGTGGAGTAACCAGAGTCTTGATAATTGGCAGTGGCTTGTGGAGTTGAGGAGGGGAAGTCCTGTGAGGCCTGGCTGCTCTGCCGACTGTGCCGTGCCTCCATGGCGCGCTGCACCGTGGCCTCCAGGACCCGCCAGCTTTGCTTCTTGTCCAGTGTACTTGGGCCTGGGGTCCCTGGCTCCCTGTCCCTCATCTGGCTCCGAGGCTGGGGCAGAGAATGAGCTTGAGGCTGGGTAGGTGCCTGAGGCTGGGGAGGGACCTGGTCTTGCCTGGAGGTAGGGGAGTGAGTGCGTGTGGGTACAGGAGAGCCAGGTAGGAGCCCCTGTTTTGGGTCCACGTTGATCATGTGCTTGATGCACTCCAGACCAGCTGGGCTGTAATCAGAGGCTGAAGGGTTCCTCCTGTGTCGGGATCCTGGATGAGAGGGACCAGGGTGCGGGAGGTGTCTGGGCTTCTGAAGGCTGTGAGTGGGTGTCAGGCGTGACAGAGATTGCCCGTTGTGCAGGTGTGCCCCCTCTACCTCCATGTCTATTGGGGGTTCATCATATATGGGACAGTCTGATACTGGCTCGTCATAGATTGGGGCAGTGTAGCCATACTGGGGGGACACAGGACGTGGTGTGCTGGTCTGTGATCTGTGAAGAAGTGGACTGGGATGGCCACTTTCTGTTGTCACCAAACAGAAACTGCCATTGCTGGCTTTCCTCAGGTGATGAGCTTGACGCGCATCAGCTGACATTTTGCCAGATGGGGCAGTTTTATATCCCTGGGCGGAGCCTAAATGCCCTCCTTGGGTCTTATTGCTGGATGGGTGAAGTGTGAAGGTGTTGGCTTTGTTATGCGTACTGGGGTGGAGCTGGTGCTGCTGGGACGCTGGGCTGGGCTGGCTACGACTCATGCTGTTCACCTTTACCAGCATGGCTGCTTTAGAACCAGGTGTAGGCTGCCATCTTTGGGAAGCATCC
scaffold6980_cov166;8008;exon;TGTCTGCGCAGAGGGAACTTAGAGAGCTTCTGGACGGGGAGCGCGTCGAAGGGCTCCCTCCGGGGATGCGCCTGCATCCGGCACAGCACCACGATGATGACGGCCATGATCAGGGCCAGGAAGCCGCAGGCGTAGATGATGATGTCCGTGTACTTGGTCTCCAGGGTGTCCATGGCGTCGGCGGCCTCTTCTTCTGCGGGGGGAAGAAGCATGAGCGTGTGAGGTGGGGGGGGGGGCAGGAAGTAGACGAGCGGCTGTGTCTCCATGGTGATGCTGCTACCTGAGATGACGGTGAGCCAGGCCGACTGGTGGGCGAAGCCGATGGAGTTCCCGGCCAGGCAGGTGTACTCGCCCGCGTCCTCCATGCTCACCTTGGTGAGGTAGAGCACCTCCACCTCCGACATGTTCAGGCTGCCCGT
scaffold7210_cov181;160006;exon;CTTAGACGAAGCGCTCTCTTTTCCTCTTGCTCCCACTGCTGCGTAGTTCCACTCCTTGGGTATTTTGGCCAGGACGCTCTCCGGTGTTTCTCGTTTCGGTGTGGGCTCGTCTGTGCCCTGCCAACTCGTCACCATGGAAACCAGGTGTGTCAGGAGGGTGCGGGTAGACTTGTCGACCGCTGCACGGATGCAGCTGACCACAACAGGTGCCGTCCGTGATGTTT
scaffold10236_cov137;352;exon;TGTTCAGCTACAGAGACCCGCGCCACCAGCGGCTGGTGGTGGTTGCCAAGGACAACGGGCAGCCTGCGCTCTCCGCTACAGTCACCATCAAGCTGTCCACCATGGAGACGGCTGTGAAGGCCTACTCCGACATGACGGAGATTCCTCTGGAATACGACATATTCTCCGACCTCAACCTGTATCTGGTCATCGGCCTGGGCTCGGTGTCCTTCCTCCTGCTCATCACCATCCTGGTCACCATTGTGCTCAAGTGTCAGAAACCCAAAGCCAGCAAAGCGGCTCCTCCCTGCAGGAACAGCGTGCTCAGCGAGAGGAACTCCACCATCGCAAACTCCACTCTGGTGTCCAACGACGCCTACTGGTACAGTCTGTTTCTGGCAGAGACCAGGAAAGGGAAGCTGGTGGTCAGACAGCCTGCGCCAAAGGGCTCCAGATACATCGTGTCCAGCATTCCCAGGAGCACTGGGATGACTGACACCAGCGACTCTGCACCCTCCACTCTGCAGGTA
scaffold12578_cov151;8145;exon;TGTCAAGTGTGAACAGCTGACACAGCCAGCCTCTGTGACTGTGCAGCCAGGTCAGCGTCTCTCCATCACCTGTCAGGTCTCCTTTTCTTTTAGCAGCTACTACGCCGCTTGGATCAGACAGCCTGCAGGGGAAGGACTGGAGTGGATCGGAATGAAATACACTGGAGCATCGTACTACAAAGATTCTCTGAAGAACCAGTTCAGCATTGAATTAGACTCCTCCAACAACAGAGCGACTCTAATTGGACAGAATATGCAGCCTGGAGACTCTGCTGTGTATTACTGTGCCAGAACAGACACAGTGACACGAAGCATCAGCAGAGCTGAACAAAAACCCCTCA
scaffold13936_cov204;64069;exon;TGCTTTTCCTGCTCCTAACTTCTCCACATGCTTCCTGTTGGCAGAGGCGGCGTCTCGGGCAGCGCTGAGCTGCGGCAGCGCCATGCTGCTCAGGAAGTTGATGGTGGACAGCAGAGCTTCAGTGTGAAGGAGGAAGTCCAGGGAGGAAAACTCCAC
scaffold19727_cov205;150406;exon;AGCCAGACAGGAGCTGAGGGAGTACGTCGACTCGGTTAAAGAGCTGATTGCTGATCCAGAGCTGAAGCTCACCAAGAAAGAGGAG
scaffold20987_cov187;434650;exon;TCGTCCAGCCGCTGCAGGTCAGCAGGCCGCAGCTGAATGTCACATGTCTCGGGTGGGTTCGGACCACCGGAGCCGGCCAGCGT
scaffold25145_cov187;10215;exon;CCTCTCTGTCCTTCCTTCACAGTATGTATCAGCGCCTGCTGGCTGGTTTCATCAATCCCCAGAGCATCTTGGGTAAATTCTCCTGGGAGGAGCTGTGTGATGTCATCAACAAACAGGTGGACCAGCTGACCTCTGACCTCCACAATGCCAACTGCATG
scaffold255599_cov177;6948;exon;TCCGGTGGATGAGTACATGCTGCCCTTTGAGGAGGAGGTGGGTCAGCACACGTCACTGGAGGACCTGCAGGATGTTGTCGTCCACAAGAAGCAGCGGCCGGCGATCAAGGAGCTGTGGCTCAAACACAGC
scaffold255599_cov177;334715;exon;AGTCTGGTTGAGAGCCGGCGCACATCCTCATCTGGAGGTGCGTCGTCGCGGCCGCTGGCGTTTTCGCCCGCGGTCGCCTCGGTGAGGGCGGCCACCACGCTGGCCAGGGTGGCGCTGGGATCCAGCAGCTTCACCAGCGGCACGTTCACCCCGCGCTCCTGAAAGATGAGGTTCTGCAGCGTCATGGCCTGCATGGAGTCGATGCCGAAGGAGGTCAGGGGCGAATCGTCTCTCAGCTCACTCGTTTCCATGCCGACAGTTTCACTGAGCAGAGAGAAGACGTAGTCTTTGGGCGACGCGTACTGGGATTGTTTGCTCTGAGAATCCGCCTCCTTGGATTTTTCAAACGCTTCGTAGACCAGCGCTGACAGACGCGCGGTCAGAGCGGCGTTCTGAGAGAGGATGTTGAACCTGATGTTCCTGAAGTGGAACCTGCAGACGGCCTGGTGGGGCCGGTCCATGAGCAGGCACTGCTCCAGGCTCTTGTGGACCTCGGCCACGTCCAGCACCATCATCCCTTTGGCTTCCAGGAAGCGCTGGAAATGCTCTTTGTTGAGGAGGAGCCCGAGGTTGAGGGCCCCCCAGCTGATGGACTGCGCGGGCAGACCCAGCGTGTGGCGGCGGTACTGGCAGAACAGGTCCAGGAAGGTGTTGGCTGCTGCGTAGTTGGTTTGCGAGGCGTTTCCCAGGAACGCTGAGATGGAGGAGAAGCAGACGAAGTAGTCCAAGGGGCAGCTCAGGGTGGCGTGGTGCAGGTTGAGCACTCCGTTCACTTTGGGTTTGAGGACCTCCACATAGAGAGTCCTGTTGAGGGCCTCGATGAGCCCGTCGTGCAGGAAGACCGCGCTGTGAAACAGCCCTCTGATTGGGTAAGCCGGGAATTTCTGCCCGACGGCCCTGATGACCTCATGCACCTGCTGGGACACAGACACGTCGCACTCCATGCTGCTGATGACGTTTCCACACTGTTTCTCAATGTTGCTGATCTCCTTTTGGACATCTGGCTTGGGATTGCTCCTGGACAGTATGACCACGTACCCTCCGCCTTTTTGCGAGATGAACTTGACGGTCTCCAGTCCCAGCCCGGAGAGACCTCCAACCACAATGTACACCGCTCGCTTTCGGAAAAGCTGCTTTTTCCTCGGCAGCAGCGAAATGTCCGACAGTGTGCCGCCGTGACCTTTGTCTAGAGCTACAACAGCCAGGCTCTTTGTGTTGAAGTAGGATTCTGGGGAAGTAGGGTTCTTGATGTTTCTATCGCTCTGGAAGGTAAAGCTCTCCAGATAAATCTTGCCCAGTTTCAGGTGTTTGATCCAGCGGTAGATGTGCTGCCTCTGGGCGCTCAGGGATCCCTTTTGCAAAACAGTTGGCATGTCGACCACCTGCACGCTGACACTCTCATTTACCCCTCGCAGGACGTCCCGAGCCAGAGACGGCTGCGTCCGAGTGCCACTGACCACGACCACATGCTGGACAGCCGGGAATTGGCAGATTTTGGCGAGCGAGGCCTCATCATATGGGGGCAGGACTATGAAAGCGTTCATGTGATTGACACTTCCGCCGGTGTTGTGCGCTGCTCCGAGAGTCACGGTCCAACCTGTCTTGGAACATGTGAATGCCAAGATTTTGGTCAGAGCAGACTCCGGCGCAGAGGACAGGATTCCCAGGTGGTTCTTGGCTCTGGGTAGGACTCGGTGCAGGATGTGCCACGCCAGAACGAAGAAGGAAACACAGGGTGTTTTCTGAAAGAAGGGGAAGCGCTTGGTGCTGTAGCACACCTCTTCTGGGACCCGGACCCGGCTGGCCGCCTCCACCGGGTAACAGCAGGCAACGTGCTCTCCCACGCTAAACTTCCGCACATCTTTTCCCACCGCCGTGATCGTGCCGCTGAAATCCAAAGCGAGCAGCTGGTGCTTCTGTGACGAGTGTCTGTCCCAGTACAGCGTCTCGCCAAACTTCAGGTGTGAAGCGCTGACGGGAAAGTAGTCTGACGAGTGTGCGCACACCTCAGTGGGCCGAATCTCGACAGATGTGTCGCACATCTGCTCGGTCTCCTGGTCGATGCTCACGGCGCTCACGGCGCTGACGTGAAAGGCCTCGGCGGTCTGCAGGACGCAGGGCTCAGACATGCTCAGACTCCTCTCTGCGCTGGCCGTTACTTCGGGCGGCGTGCGCACAACGGAAGGTTTGAAAATCTGCCCGTCTTTCACCACCAACTCAGGGAAGTTGCCGCAAGTGAACGACCTGAGGACCTGAGAGAGAGCAGCGATGTCCTTGGCAGAGGTGGACTTGATGTCCACCAGCTGGAATGAGAGGTTGGGCAACTCCGCAGCAAACGATCTCGTCATGCCGACCAGCGCAAAGCCGGGGCTGATGTGGTCGACCGTGATGTCGGACGAGCAGTAGGTCACCGCCCGGATGGCCTTTTGGAAATCGATCCGCTTGAGCTCGAGGACGATCTGCCGGAAAATCTCGCAGCAGTTTGCCAGATTTTGCAGGACCACGTCAGCTGAAAGTGAGGTGAGGTCTTCTTTGCCCCACATGAATAAAACCTCATCAAAGTTTGCTTTAATATCAGTGATGTTAAGATTTGCCAGCAGAGCTGGAAAGCCCTGGCTCAGGATGTCCTTTGCATGCGTGAAAGAGATGGATTTGGACCTGGAGTCCAGGTGCTCCTGGAGACCCTTTGAGATCCCGATGCGGTCGGAGAATATTAAGGCCCTCGGAGGAGGAGCAGAAGTGTCTCCTTCGGGGACGACACTGAAGGTGTTATGGTAGAAGTACTCCTCCACGACATGAGAGCGGCTGCCCAGGTACCTGATGATCACCTGCTTCACCTCCAGCAGCACTCGGCCCTCTTTGTCCGTAAAACATCCACACACCTCAATGTCGTCCAAGCCCACATTGACTGCTCTCAGGTAGACGATCATCTCCTCTTGTAAGGGTTCACACACTGTCAGGCTTCCAATCTGGGCAGGAAAACCAGGCCTGCCCGCAAAAATGTGCTCTACAGTAACGGGAAGAAGCTGCATTAAAAAATCAAGCACGACCGGATGGACGTAGTAGTCGTGTAAGTGAGAATGCAGCTCCTGTGGGACTGTGATGACAGCAAAGGCCTCTTTCAGATCTTCTCCATAGTGGATGTCGCATTTGTTCTGGAAGACGTCTCCGTACTGGAAGCCCCCTTGAGAGAGGTAACCGTAGAACTCCTGAGAGCTGACCACTGAGGTGCACCTTCGGTAGATGGAGCTCAGGCAGATGCGCTGCTCCTCCACCAGCCGCTCCCTCTTTGACACCACCGTGCCTGACGCGTACTTGGCAGATTGCGAGAAAACCATGAAACTGGTTTCTTTGCCTGAGAGCTGCAGCTGCACCATCATCTCCGGGGATTTGTGGCTTAAAACAAAGGGAGTGTGGAAGCTCACGCTGAGCTTCAGGGAGGAGACGGGCACTTTGGGTTTGGCGCTGGCCATAAAGGCAGCCAGGCCCAACTCTGCGTAGAAGGACCCGGGGATGATGGGAACGCCGTTGTGTCTGTGCTCTCTGAGGTAGGAGGAGGAGTCGGACACCAGATCACAGCTGAGAACGTCACTCTGGCTTCCCTTGGAGCAGAGGATGGGGTGGCTGCTGGCCGCGTTCTTCTGCGCCGCACCGATGATGACGTCCCTGTCCGAGCTGTCGAAGCAGTAGCGGGGGAAAGGCAGCGGAGTCGTCTCGCGTCCCTTGTAGAATGTGTTCCAGTCCACAGGAAGGCCGAGCTCAAACAGCTTTGACACAACGCCGACGATGGTGTCGTGATCTTTCTCTGGCTGCAGCGAAGCCAGCACGGCCGTGTCGTTCCCCAGAGATTCCATGATGTTCCTCTGCAGGGCTCTCCTCGGCCCGATCTCCACAAACACCGTGTTTCTCTTCCCCTGAGCTGCTGCTCTCACCGCCTGCTCAAAAGCGACCGGCTCGCGGATGTTTCTCGCCCAATATTCCCCCGTGCAGAAGTCGCCCCGCTCCGCCTGCTCGCCCGTCACCGTGGAGAACAGCTGCGAGTGCAGGTGATTGGCTGGTAGCTGGCCGAGCGTGTCTGTGATCTCCGGAAGGATGGGGTCCATCATGTGGCTGTGGTAGGCGGCGGCGACGTCCAGCACGCGCAGGAACAGGCTGGAACTCCTGGACGAGGTGCTCAGCTCGGCGTGGAATCTCTCGATGGCGTCGGCATCACCTGACAGAGTGCAGGACTGCGGGCTGTTGAAAGCTGCGAGGCAAAGTCGACCAGAGTAAGCCGGCAGCAGCGCGGTGACCTCTGACACCGCCATGTTGCTGATCACCAGCATCTTCCCGCCCGTGACTCGGCTCTGGAGAACGCTGCGGACGTAGATGACCTTCACCGCGTCCTCAAGAGACAGGAGGCCGGAGCAGTGGGCGGCGGCCACCTCGCCCACAGAGTGACCCAGCACGCCGTCAGGCTTCACGCCCCAGTGCCTCAGCAGGGCGGCCACGCCCACCTGGACGGCGAAGAGCAGAGGCTGGACCACATCTGGATTGTTGAAGCTGCTGCTCTCACACTCACTCTCCAGGGTCTCCAGGATGTTGAGTGAGCTCAGCCTTTGGAGAACGTGTGTGATCTCCCTGATCTTCTCTCTGAAGATGGGCTCCTGTCCCAGCAGCTGCTTGGCCATGCCGTGGTAGGTGACACCGTTGCCGCAGAAGACGAACACCAGCCTTGGGTCTGAGGAGGCCGGGCTGATGTTTCTGCTGACGGCGGCGCTGAGCTTCTCTCTCAGATCAGCAATGGTTGAAACCACGATGGCCCTCCTGTACTTGTGTTTGAGGTGGCTCCTCCTGCAGGCTGCTGTGAACAACAGAGCATCTAAATCCACGTTGCTGTCAGTGTCCAGCTGCTTCATGGTGTCCTCCATCATCAGAGTCAGAGATTTAGCAGAGTGAGCAGATATGACAAAGTATCGCTGCTGCTTCTCCTCCTTCCTCTGCAGAGTCTGCACCTGTTGGTGCTGTTTGACGATGGCGTGGGCGTTCGTTCCCCCAAAACCAAAGTTATTTACTCCAGCAATTCTTGCACCGGACGCCTCCCACTTCTCTGCTGCTTTGGGAACTTTGATGTTCAGTTCTTTGGTGTCTACACTGGCAGTGTCTTCAGAGTAGAAGACAGAGGGAACGATTGTCTGGTGCTTCATCATCAGCAGAACCTTGATGAGTCCGGCCACTCCGGCGGCGGACTCCGTGTGTCCGATGTTGCTCTTCACGGAGCCAATCCGGAGCCTCGGTGAACCAGGACGTCTGGCTTTGGCGATGACGTTAGAGATGCTGGCTGCCTCCGTCGGGTCTCCAACCGGAGTTCCCGTCCCGTGAGCCTCGACGTACTGAACGTTTGCGAGGTCGGACTCGGAGTAGATCCTCCTCAGCAGCTCCTCCTGTTGGCTCCTCGAGGGTTTGGTGATTGGAGTCACCGAGCGTCCGTCTTGGTTGACGGCTGTTTTACTGATGACCCCCCAGATGTGGTCACCATCCTGCAGGGC
