scaffold928_cov227;205309;exon;CACGGCTGCAAATGCAACAGACCCCAGCACTGCAGCAGCAAAGTCAGAAACTGAGGGAGAAAACAAGGGAACAGATGACGACGACAAAG;GO:0003676
scaffold1099_cov259;46008;exon;TCCGCTGTGGCCTTGAGCAAATCCCCAGCATTTCGGCTCCTGCTGGCTATCCTCTTGGATCTCCTCAGTACAGTGCCATGCGCCTCCTCTGGAGCAGCACCTGCAGCTACAGCAGTTTTCCTTCTGCC;NA
scaffold308_cov215;28350;exon;ATGTTGAGGAGGACCGGCGCCCGGTAGCAGACGGGCCGCGCCGCCCTGCAGCAGTCCTCGTCCCTCCAGCCGAGCGCCGCGCCCCCCTGCAGGCTGAGCATGGCGCACTGCCCGGCGTGCACCGAGCCCGGCTCGCCCTGCAGCCAGTCGGTGTCGCTGACCGGCGCCCCGCTCAGCCAGAACCAGCCGGCGGTCAGCGCGCTGCGCCGCATGCCGAACCACAGCTCCGCCAGGCCCCGGATGTCGGCCTGCCCGATCTTGGCGTAGATCTGGTTCCTGAGTTCGGCCTCCGGGAAGCCGACCAGCTCCAGGTCTTTGTCCCGGCAGTACTTCAGGGACTCCCGCCAGCCGCCGGCCACCGCGCCGATTTCCACCACCTCAGGAGTCAGAACACAGCCACGGAAAT;NA
scaffold270_cov263;393434;exon;CAAGGAGCATAAGAATGAGATCTTTGTACAACATATCATCTACTATTGTGCTAAATAGCTTTAATCTCTCCCCTGAAAATGTCTTTCCTGCATTTCTTTTTGCAACTCTGAGCTACCTGATCATACTTTTCTGCAACCTTATTCTAATACTGACAATTGTACTGAACAAATCTCTGCATCAGCCCATGCATTTATTTCTGCTGAACCTTCCTATCAACGACCTTATCGGCTCCACAGCTTTCTTCCCACAGGCCATCAAAGACATACTGATGAACAACAGGACGATGCAGTACTCCTCTTGTGTCGTCCAAGCTTTCTTTATCCACATCTATGCATGTGGGACAGTGTTCATTCTCACTGCTATGGCATATGATAGATACATTGCAATATGTTGGCCATTGAGATACAACACGATTATGACTAATGCTAACATTATGAGAACAATCACAATTATTTGGATATGTTGTTTAGCTGCAATAGGTGTGCTTTTTTACCTGCTTTTGCGTTTACCCCGCTGTCGATCTGAAATGACGCATCCCTACTGTGACAATCCATCTTTGTTGACTTTGGTCTGTGCTGACACAACCATTAATAACATTTATGGGCTTTGTTTGGTTGCTCTTTCACAAGTGATAGCCAACGGGGTGATTTTGTACACATATCTCCAGATCCTTGTTGCATGCTTCAGATCCAGACGATCAGACACGAAAGCCAAAGCTCTGCAGACTTGTGCTACACATCTCACTGTTTTTCTCCTGTTGGAGTGCCTGGGTCTTTTTACCATCATATCATACAGGATAAGAAACATTTCACCACATTTAAGGAGGTTCATAGGGATGTCAACTTTGATTTTCCCACCAACATTAAATCCAATCATCTACGGACTGAAAACAAAAGAAATTCGAGAAAAACTAGTGCACTTTCTTGAGAATAAGTCCTTTCGACTTAGGCATGCAGCGAGA;NA
scaffold18_cov265;183672;exon;TGAGGAGCTGTTAATCATCTATGAGGCGGAGGCAGAGCAATGGGCCACCTATCTGCATTCAGCCTTCACTGGTCCAATCTCAGAAGCTGGGATCCTCTGCTATGACATCGGTACGGTGTCCAGCCGGCAGGACGACTTCCTCAGGCTGTCCCAGTATAGCTGCAAGCTTCTAATCCTGTCCAAGGGCATGCTGGAGGGTCTGTGCCAGAAGAGGCGCTTCTTCCTGTCCCGTGTGTTGCGTCCTGCAGCTCATGTGGTGGTGTTGCTGTGTGGGGTGGAGAGTCTGACCCCACTGCTGGAGCTGGTGCCCCTGAACGGTGACGAGTGCTTGCAGGTCTCCAGTGAACAAGACGCTCATGAGTACCTGTCTACCGTGACTGATATTGTGAGAAAAG;NA
scaffold1314_cov258;690021;exon;TGTGAACCTCTGTGAGAAGAAAGTTTCCCGCTGCAACAGCCTAAAAAACCTGACCCTAGATGACCTCCTGAAGGTCACCAACAGCCTGCCGGGGGTCAAAATTCAGAAGGAGGATGTCCGGGCCGTTGTCTCGACTTGCCTGCCCCGGCAGTACATCCTGCAGCTTCTTCACCTCTGGAAGATGGCAAACTATGACCTGGATCTCGCCAAAGCTCTGTCTCACAGTCTGAGGGTGCTGCGCAGCCAGGGGGCGCCACGCCATCTGCTGAAAGGCCTGAAGAAGATCAGCCGCATCATAGGAACCACCTCAGCGCACAAGATGTATGAGAAGATGTTTGTTAGCATGCTTCACGATGAGTCGTGTTTTAAGGCTCATAAGCCTTTAAATGAA;GO:0005515
scaffold122_cov249;78850;exon;AACAAAGCAGTCGTCTCTCTTCTTCGTCAGAACGGCGCTTATGTTGCGGATGCTGCAGATGGAGAACTTGTTGTTGTTGAGCTTGTCCCCCGATGTGGCTCTGGCGTACATGATGTAGTTACCCTGCTCCTTTTTGTCCTGCAACTTAGACTCTCCAGGGGTGCATTCAAGCCCAGAGTCATG;GO:0004222
scaffold863_cov247;42288;exon;CGGTGTGTCCTTAGGGTGTCACTCTCAGGGAGACACTCTGCAGCACTGGATAGACTGTCTGAAGAACAAGGGCACGAAGGTGGAGCGCTGGCACACGCTGACTAACGAGCTGCCGGGATCCTCACTGCAGGAA;GO:0005515
scaffold3355_cov258;53355;exon;TGTTCTTTGAGCTCAGCCAGCTGGCCAGACAGCTGAGCCACCAGAGTGAGAGTGCTGTCCAGTTTCTCCTGCAGAGAGCGCATCTCATTCTGCTCGTTGTCTCCCTCGCTGCTCACCAGAGACATGGCTCTCATACGGGGGAACCACTCCAAGTTCTTCTC;GO:0005216
scaffold513_cov242;179219;exon;CACCATTGTCAGGCTCGGACTTCCTGTCATGCTCGGTGTCAGTGAGAGACAGGGCGGAGTTGGCGCGGCTCGTCAGGCAGGAGCTCTGCTCGGACTTCAGGCCGCGCATCCACATGTGCTGCAGGCCGTGAGCGGGAGAAGGGTCCACCTCCGGCTCCGTGTCCACGTCAGAGCCAACGCCCAGGGAGTAGCGGCTGTGGACGTGAGCCGCCGGTCCGGAGCACAATGCCTCCTCCTCCTCCTCCTGGTGCTGCTGCTGCTGCTGTTGCTGTTGTGGGTGGATGTGGTAGTCGGGGCTCCTCATCTGTCCAGCCTTGCAGAAGTCTAAATCTAAAT;GO:0007165
scaffold108_cov234;404609;exon;GTGTCAATGACGTCCTGCGCCGGCGAAGGTTCGTGCGGCAAACTGGTGGCGTTGGGCAGCGGCTGCGTGTGGCTGTTCTGCTGCAGCTCGAGCGCCATGGCGTTCTGCGGGTGGGGGAACTCCTTCACCTGCCGGCGGTACTCCAGGAAGGTGGACGCCTTCGTGGCGATGGCCACCACGTTCTTCCCGACGAAGATGGTGGAAACGCGGCTGTCCTGAAACAGCACCATGTTTACACCTCGTATGAGGATTGTGACCACGTTTATGGTGACCAGGCTCAGGACCGGGTACAGCATCATCTTCTGCGGCGACATGTGCTCGCCCTGCATGCTGATTTCACTGAGCGACACGCAGGGCAGGATGAGCAGCAGGATGTAGCAGTAGAAGAACATCAGGCCCTCGGCCCAGATGGGCAGGCCCGTCCGCTGGGGCTCCCACAGGTTGGCTTGGATATCCAGCAGGTCGAGCAGGTCCAGAGCCACCCAGAACAGACGACTCCTCATGTCCTCCTTCTTCCGGAAAGTTCTCACATATTCCATGCTATCAAGAGCCACTAAAACCAAGTATAAACCTGGCACACATACAGATAATAATAACGTCAAAGCCTTCCGGGCAACTGTCTCCAAACTCTTTCTGTCTGCCTTACAATTCTGAAAGACAAAGTAGAGCTTGATCTCCAGAACAAAGATGTACAGAAACCAGAGGATCATGGCGTATCCCCGCCGGGCGGTGCGCACCTCGGCACCAACCCACACTGCCACGTACCGCAGCACTATGAGGAAGCACACGTCCCCGACCAGCACTATAATGCACACACCGATCTTTCTGGGACCCTGGTTCTGCTCCACCAGGTAGGCGTCCATGAAGGCCATGCTGGTCATGATGACGATGGTGGTCAGGCACACGTGGCGTTTGTCTGGGGGCGGCAACACCAT;NA
scaffold371_cov193;322590;exon;TTGGTGTCTATTTTTCTGCTCCTTGTCTGTGTATGTGGGTGTCTCACCTGGATCTTATTGATGGGAACCTTCTTCTCTTGCAGCTGGCCGACCATGCCCTTCTCTTCTGAGGGAAGCAGAAGCAGAAGGGCCTCTCCCCCTTCCTTGTACCTTGCAGTCCGACCCACCCTGTGGATGTAGGTGTCTGCATCCTCAGCACAGTCAAACTGCAGCACCCAGTTGATGGCAGGGAAGTCCAGACCTCTGGCAGCTATGTCAGTGGCAAAGAGCACAGCATTTTGCTTTCTGATGAAGTCATTGTATACCTCCACTCTCTTCATCTGCTGCTGCTTTCCATGCAAAGCCAAGATGGGCATGCCCGGTCTGAGGCGGCAGAAGACCCTGAACATGTACTGCACCTCCTTGCAGCAGGCGAAAAAGACGATGATCTTCTTCTTTAGGTGGCTCCTGATGAATGAGTAGAGCATGTTGACCTTCTGGTGGAGCTCACACACCACGTAACTCTGCTCAAGGGTGGCCGGCGTGCTGAACTTTGCTTTCTCGTGAACCCACACGTACTCTGGGTCTTTGAGGCTGAGTCGGGCCAGGTCTTTAACAGACTTGGTCTGCGTTGCAGAAAACAGCAGCGTCTGCCGGGACTTTGGAAGGTTTTCCACAATCGCGTTGAGTGTATCAGCGAAGCCCATGTCCAGTATGCGGTCCGCCTCGTCCAAGACTAGCATGTGCAGGTTTGAGGCGTGAAAGGTGGCCGTCTCGTCCATGTGCTGGAGCAGCCGGCCCGGGGTGCAGATGACGATGTTGGTGCGGTGGATCTTCTCCGACTCGCTCCTGAGGTCCTTCCCACCGATAATGAGCCCCGCGGAGAACTCGTGGTTCTTGCCAACCTTGCGGAGGACTTCGAAGGTTTGGTATGCGAGCTCTCTGGTGGGGGATATGATGAGAGCACCCAGACCATCCACGGAGCTCCACTGCTGGCGATACAGGCACTCCAGCACCGGTATGAGGAAAGCTAAAGTCTTCCCAGAGCCAGTCTTAGCCGCGCCGAGGACGTCTTTACCAAGCAGAGCAAAGCCAATTGTCTGTCTCTGGATCTCTGTGGGCTGTCTGTACTGAGCCCCCTGCAATCCTAACAAGGTTTTCTTTGAAATGGGGAAGTCTGAAAACTTAACAGCCTCCTTAGCGTTTATGTCGCCATACCTACTCACAAGATTGTCGATGTACTCCCGTTCGACCTGCCACTCGGGCTTCTTCTGCGGTCTGTCTCGCTTCACTCGTGCTTTCGTCTTGTTGTATTTTTTCTTCCATTTCTCAAAGTTTTTGACGGGGTCGGTGCCGTCTGTCAACTTCGTAGGTTTAGGTTTCTTCTCAAAGGAGTCGGTACCCTTCTTCTCCAT;GO:0003676
scaffold856_cov261;65403;exon;TCTGCTGTTCTGAGGCGTAGAGTAGACCGAGTCGCTCCATTCGCTCCAGTAGCCGGTGCCGTTGGTGTGCATGCAGCGCGCTTGTACCACATACACCCTGCACATGTCCGACACGGCCACCTCCGCCCACGGCACACGCACTGCACTCTGGAC;NA
scaffold164727_cov257;423693;exon;AGACTGGTAACCAGGTGGGAAGGGTCTACGGGCGGCTCCTCGGGCGACGAATCGGACTCCTCCTTGTTGTCGGACACCATGTATCCATCGCTGCCACCACGCCCCATGTGATAGTAGCTTTGTAGCTCGTGGAGGTGATTCCTGGAGCCCAAGTTTGGCATGCTCTTATAATAAACGTCGTCCAGCTCGGGAGCAGTGGCACTCTTACAGGGATGCAGCTCCCCGGAGCTGTCTTCCTCTCCGTCTGTTAAACCGTTCATCTGCCCATCCGGAAGGTCCGTCAGCACTGGCATGCTGGTGTACAGCGAGTCTCTGTGGTTGGGCGAATGCGTGTGCTCGTCGGTGTGCTCGTTGGTCAGCAGAGGGAAGAAGCTCTCGCTGGTTTCTTGGGGAATGCGCCGAGGCCGGGAGAAGCTGTGAGGGGGTGGCGGAGGCGGGGGGTGGCTGTCTGGTGGAGGAGGCCGTGGCGGCAGGAGTGGAGCGTTAGACTCCTCTCTGATAATCTCCAAACCCAGATTCTCCTCATGCGGGAAGGCTGCAGGGTTGTCCAGCACCATCGGCCCATTGTCCTCTTTACTGCTGCCCACACAGCCACTAACTCCACTGCTGCTGCTGCTGCTGCTGCCTCCTGCCATGCTCC;GO:0004930
scaffold1525_cov267;340560;exon;GTGGATTTGGCCTGCAGGTTGCCCGACCTGGAGCAGGAGAACTCTGACAACGACAACCTGGACTCATCGTCGTCCATGAGCTCAGAAAGTCTCGAGGACAGTCTGGGCAGCCTGGACTCGGAAG;GO:0003774
scaffold279_cov260;407801;exon;TGTTGCCTTTCAAGAGAACTTTTGACAGCGAGAAACGCCAGCTGCAGCAGCTCAACAGCAGACTTGCCCAGTATCTTTCCAGAACGAAGCAGCTGGAGCAGGAAAATGCGCATCTTATCACCGAAATAAATAAACTCAGAGGAGCGAGGACGGCGGAATGGGAGCCGAAGTACAAGGGTGAGATGCGGGATCTGAGGAGAATGGTGGGGCAGCTGTCGTTTGAAAAGTCCCAGGCTGAGATGGAGAGGGAGAAGCTATGGCGGGAGTTGCAGACGCTCCGGTCTATGTGCAGCGAGCAGACCGACGTGTGCAGGGACATCAGTGGCGAGCTGAAAGGCTGCGAGAAGGAGCTTCACCACGCGCACATAACCAACAGTGACCTCCAGCAGCGTTTGGTACAACTAGAGAGTGAGTACAAATGTTTGGATGATGCGCACAGACAAGAAAAGGACCATCTCCGGCGGCAGGTGGAGTCCCGGGTGGTGCCCATCATCACGCAAACTTATCGCGGGCCACCGGCTGCCACCATGGAAGAGGTGCAAGAGTATGCCCGGGGTCTGTCCGAAGGATGGATCGAGACTTTTGAAATGTATCAGCAGAAGGTGGAGGCGATGGAGCAGACTATTAAAGAGGACCAGGCCAGGCTGAGCGATCTGCAGAGGGAGAAGATGCAGTATACATCAGAGTTGGGCAAATTACGCACAGAAGCGGAAAAACAAGGTCAGATTCAATTCCATCTAGAGGAAGAACTGATGCGCATGCAGGAGAAATTCCGGGTGGACTTCAGTGAATATCAG;GO:0005198
scaffold16001_cov232;563525;exon;CCCCCCTGAGGACCCGGTGGTGGACGGATCCCCTGAGCTGCTGCTGATGGCCGGGAATCCATACAACCTGACCTGTGTGACCCGCGGGGCCAAGCCTGCAGCACACATCCAGTGGACCAAGGATGGAGTGGCTGTGGAGGGAGCCATCCAGTCCACG;NA
scaffold1208_cov262;1468034;exon;TGTTCATGTCCCTTGGACGTAGGTATGATGATAGCCAGGATGCAGATGAGCTGGAAGATGGCACCCAGAAACAGCCCGTAGCGTAGTAGGCTCTCTAGAAAGGTGGGCTCAGGGACCTCTGGAGGGGACAGGTCTGGTTCTGCAGACAT;GO:0016021
scaffold2143_cov248;6032;exon;TTTCAAAAACATCTTTGACTACCGGGCTGCAGACCGATTCTTCACAGAGCGACAAACTGGACTCTCTGCGGAAAAGAGCCGGGGTGATGTGGTCCTCAGGTGGGGGAGAGATGAACTTCTCGAGAGGAGAGAAATCACACAGGAAAAGCCCCTGGAGTACATCCCGGTAGATTCCTGCCAACACTGTCCCGTTGTTCGCCTCTGAGGCCATGGTTAGCATGCGCTCCACATGCCACAAAGGCTCGAACAGATAGAACATGTTCTCCCCGTGCTGGTTGAAAAATTCCCCCACAAAGGAGGAACCTGTTCGGGTGGTAGCCAAGAGTAATATGTGCTTACGCCCACCATTGTAGCTGTACATGCCTAAATCATCTAGTTCTTCCTCCTCTTGCTCCTGAGAGAGGTCAGAGTAATTCCCTTTTGTGCCGGTGAGTTTAGAGAGCAGCATTTTGAGCATCATCAAGGAGCCATTTTCTGTTGTGTTGCTGTAGTCGAGTGGAGACTGTGGGGTCTGCTGCGGGATCTGCCTCTGGATCAGCTTATCAGAGACC;GO:0008146
scaffold42_cov238;531157;exon;AAAAGAGACAATGAGCTACTTCTCAGACTGATCGCCAATCTGAACATGTTGCTGAAAGATGACAGTGTGAACGTGGTGAAGAAAGCCATCCTCACACTCACTCAACTGTACAAAGTTTCTCTGCAG;NA
scaffold1886_cov226;572629;exon;GTCTATTCAGAGAGCCAGGGGAAGTGTGGGAGCAGCGCGTGCAGTGTCCTGACCTGATGTTACGTCTGCAGACCTCTTACACACACCTGGAGGAAGCCCAGAATCAGCTTCGCCAACACGAGTCCATAAGACCCACCACTGGCAAAGTG;GO:0005515
scaffold637_cov248;529467;exon;TGGTGCGAGGGGAGCGGGCTCTAACCCTCCCAGCAGATCCAGCAGGTCTCCTCCAGCAGTGCTGGTTGTGTTGATGGGCGGGCCGGGTGCTGCTGTGCTGGGCTGCAGAGTGTCCTCAGAACCTCCCAGCAGGTCCAACAGATCGCACAC;GO:0006886
scaffold171_cov252;285373;exon;TCAGGAGCGAGGACAGACTCCTCGTCAAAGTGGAGAAAAGCCCTCTGATTGGAGTCTGTGAGGTTAACCGTCACCCTGAGGCAAGGCACGGTGCTCACACCTCTGCAGTCCACCCACTCCTCCAGGATGTCGGCCTGCAGCAGCACGCAGCTGGTTTCCTCCGCCCAGTTA;GO:0006813
scaffold542_cov236;29976;exon;TGAGTACTGTGACACTCCCTCTCCTCACAGGCAGCACAAACACCGGCTCAGACACCCGGATCGGCTTGAACTGGAAGCGGCAGCCAAAGCAGAGCGCGCTGTCACTGAAGAAGGACACGGAGACGATGGGCCGTGCAAAGATGTGCTGAGGATCCACATGTGACACAATGCAGCCACCTGGTTGATAATCATTGATGACCGCACTGTTGACAAACCCCTCTGGGACCACCCCACTGGACACCAGGCGCTTGATCACCAGCTCGTGCACCCAGCTTGGGATGTCATCCACCTCTCCTTTGCGGTAGAGCCTCTCCTGGCCAGGTCCACGCTTCTCCAGCTGGGACCCATAAGTGTACCCCTCTCCGAAGAAGTACTTGTTGCGGAGGGGCGCCCTGTCCACTGTGTGCTCCCTGTAAAGTCCAGCCTCTCCTTTAGCCACCACGTCGTCGATCTTCTCCTCGATGAAGGCGCACTCCTCCGGGGTGAAGATGTTCTTCTGCAGGATGCTGCTCCTCACCCGGCTGGCCTCCTGCTCTCGGTGCTCCGCGCTGTCATCGCTGTGCTCATACTCATCGTCGTCGGACTCTCTGAACTTACGCTTTCGTCCCTTTCCGTTACTCGTGCCGTCCACGTATTTATTTTTTTGCTCGTCCCTGTGTGGAGTCATGGACTTCAGCTTCTCCCTCAGGTCAGAGTATCCGCTGGCTGCCAT;NA
scaffold15578_cov256;379328;exon;CCTGGATCCTGCTGGTCCAACCTTCGAGCATGCAGACAACGAGAACACCCTGTCCCGAGATGATGCCCAGTTTGTGGACGTCCTGCACACCAACACCAGGGGCTCCCCCGACCGCAGCATCGGCATCCAGAGACCTGTGGGCCACATCGACATTTACCCTAATGGAGGCACTTTCCAGCCGGGCTGCGACATCCAGAACACACTGCTGGGGATCGCGCTGGAAGGCATCAAGGGCCTGCAGA;GO:0005515
scaffold317_cov255;907131;exon;ATCCTGCAGACCCTGTCCTTGAGCAAAGCTCAGGCTCTGAGTGTGTGCAAGGTCCTGGAGATGGTTCAGGAGTGTTTACATTCACTGGGAAAGCCACACCTCTTCCAGGCACCATGCATCCTGTTCCTACAGGAGCTGCTGGCATGCCAGAAAGACTTCACCAG;GO:0008270
scaffold4650_cov232;44951;exon;TTCAGTGGGGGCGCTGGTGGGCGGGTGGGCGGTGGAGGCGGCGTCCCTGCCTGCAGTGGCCTCTCTGCTCCCGGCTGTTGTTTTGGCGACGGTCGTGGTGGTGAAGGGGTAGAGAAACGTGGTGTCAATGATGTCGCACATCTTGTCCTTGGT;GO:0016020
scaffold3806_cov244;738966;exon;TGGTCTACAAGAATAATGAGTTTAGACTGGAGCTGTCACGACTGGCTGAGCAACGAGACCCCAGGATCAGTATCCATGGTGACCTGATTTTCAGCTGCGAGGACGTGGAAGCCTTGGAGCCGGTCACCTTCGATACTCCGTCTGCCTACTTGACGTTGCCCCGGTGGAACACAAAAAAGACGGGTGCCATTTCTTTCGACTTCCGCACCACAGAGCCCATGGGCCTGCTGCTGTTCAGCCACGGCAGCCTGCAGGGCGCGCAGCCCGACAGGAAGCCCAGGGCCGACTTCTTCGCCATCGAGCTGCTGGACGGGTTCCTCTACCTGGTCATGGACATGGGCTCCGGCAGCATCAAGATGAAAGCCAGTAACAAGAGGCTGGATGATGGCGAGTGGTGCCATGTGGACTTCCAGAGGAGAGGGCGCAACG;NA
scaffold3962_cov233;16996;exon;TGCAGCGTGTGCGGGTTGATGCCCAGCGAGGACACCATGTGGCCGGACGCCGAGATGCCGTCGTGCTCCAAACCGCCGAGCTTCCCGCCGGGTGCCGCCGGCTCCTCCGGCAGCAGGTCGGCGTCCTCCTCTCCTCCCAGCATGCTCTCTGTCGGGAAGCTCTGCGTGATGTCGGCCATGTCGCTGTCCAGCTCCGCCACGCCGCCCGGGAGATCCACGACCACCGCGGA;GO:0005643
scaffold948_cov248;309789;exon;AGTTTTCTCTTGAGCAGCGGCGTGCCCTCTGGAGTCGGAGGCTCTTCAGCGGTCGTCTCCCCAAAGTCTCCAAGTCCACCGGGAGTGTTGAACCCAGGCAGCCGTCCACCTTCCCTCTCCTCACTGTCCTCCTCCTCCTCCTCTCCTCCCACAACATCTAACAGGTCCGCCCCACCGTCTGCGTCTTGGACTTCTCGAGCTCCCGGTTCAGGTGGCAGGTCGCCGTGAACTTCGTCCTGTGTGGGATCTGGCATGCTGGCTAGGATCTCCGTTACCGTTATTTTCTTGGCGCCCTCCACTAAGCCTCCGCCGAACAGCACCTTCCATATGAGCGTGAAGAAGCCCTTACATATGCCGTACACAAACATCAGGATACCCATCAGAACAGTGTAGACGAACGTAACCAGGCCGATCACCATCTCCTTCACCGTCATTTTCCTCAGTTTGCGGTAGCGACGGCGCAGGTTACGGAAGGTGAACATGTTGAAGAAGTCGACCACGCTCTTCAGGAACTCTGCGAAGGCTGAGGCCGCCTCTGGAGGTGCCTCATCTTCGCCGCCTTCCTCACCTTCTGCAGACTCTCCTTCTCCCCCGCCCCCTTCCTCCTCCTCCTCATCATCTTCTTCTTCTGCACCATCTCCCTCTGGCTCAGAGATAGACGCAGCGATGTTCATCTCAAAGATGGTGTCCTCGCAGAAGTTCACAAACATCTCCATTTTCTCGCTCTCACCGCCCTCATTGACCACGTCGAAGATGAACTGCCGTTTGGACTCTCTGACTTGTGGCATTTCCCACTGGTTGCGGTTCTCCTCGCTGATTTCAAAGTAGATGCGCTCGATCTTCCTGCTGGCTCCCATGATCTCGATGCGTCCGAGGAAGGGGCGGAAGTAGTTGAGCACGTGCTCGGCCTGCTCCAGGAAGTTTTGAAGGCGAGTGTCGTGCGGTACGTGCTCCGACAGGTTTGTGAGCAGAACGGCGATGTTGAAACCGATGTCTTTGGCTGGCTCCTGGAAACGATCAGCGAACTCCTCAAAGTTGATCATCTCATTCTCATCAGCTTCTGAGCAGGAGAGGAGGAACTGGATTTCTGAGGGCGAGTACTGCTTCTGGCTGTCCATGGCCTTGGAGAAGTCCTTCTTGGAGATCAGCCCTCGCGGGTCGGTCACATAGTCCCGGAAGGCGTCGGATGCCACTATGTCCTTGAGCTTGAGGAACATGTCGAAGAACTTGAGGATCATCTCCACGTTGCTGGAGGACTCCACCAGCATGTCAACCATCTGCCTGGCGATGGTGCCGTTCACCACGTTAC;GO:0005216
scaffold595_cov249;798823;exon;AACCACCAAGGCAGAGGACCGTGGCATGCTGCTAAAGACATTCAACGACCCGGCCTCGGAGTACTTTGTGTTCCTGCTCAGCACCAGGGCCGGAGGTCTGGGCCTCAACCTGCAGTCTGCTGACACAGTCATCATCTTTGACAGCGACTGGAACCCACATCAG;GO:0005515
scaffold591_cov256;4135;exon;GATTGACAGAGGGATTCCTTGTCCTTCACCTTCGTCCTCGTCTTCCTCTTCCACCTCTGAAGCTTCACTGCTCCCTCGGTTCTTTGTCTCTGTCTGCAGGTAAAGGTTAGCATCTTCCTGCTCAGCTTCATCCCGGTC;NA
scaffold627_cov254;1284507;exon;TTAAAGAACATGCTCCTCATTCTTGTCATGTTCATGAGCATGACTCCTGAGTTGATGCCCGTCCTGCCGTAGTAGGGGTGGCGGGCGAAGCGGTTGTACCAGGCAATGCGGGGCTCCTCGTGCTCCGGGGCCATAGCAGTCAGCTGGGAGGAATTAAACTGGGACAGGAACGCCCACATGTGGTCTACAGGCTGCAGGAAGAGGATGTCTGAGTCCACGTACACGATGGAGTCGACATCTTTAAGGATCAG;GO:0016757
scaffold2867_cov261;295719;exon;TGGCGTGACTAACATCCTGACCACTGAGCTGTTCACACAAACAGCTCGTCCTGCAGCTTACATGATCTCAGGCTCGTTGAACTGGCTCTGCTTCTTCCTCGTCGGCCTGGTCTTCCCTTTTATCGTGGTAGGTAACTTCAGG;GO:0003676
scaffold1179_cov228;514423;exon;GTGGTGGGGTCCCGCTCGCTCCAGCTGGCCGCGGGTGTGGTTGGGTTGGCTGAAGTTGGCCCGGACCACACTGGTGTTGGCCCAGGCTGCTGCATGCTGCGTGAACTCAGTCAGGAGCTGGACGCCGCTCTGCACGAACAACGTGCAGGTCTGCTGCAGCCACGTCCCCTGGCTGGTGTTGCTCATGTCGCTCTGTGAATGCAACAGGAAGTGCTGGACCTGAGCAT;NA
scaffold5658_cov252;13982;exon;TTAGTTGAGTCAATGGTTCTCAAGCAGCTGAAGACGTGTTGAAGCTCTGAGGATCCTGACTGCAGGTGTGAGAGGTACTGCGCCCAGCGAGCAGCCAGGGTTTCCTGATTGTTCCG;NA
scaffold3724_cov249;314574;exon;GCTGGACTCCCACCATCAGCAACAACCCAGCCTCACAGGGCCAGACAGCAACCCAGCGCCCTCTCGCAGGCCCTTCCCCATCCAGTTAGGCCGCAACGACATCAGCCCGATGGGCCTCACTAACGGCCACAAGATGGGCATGCCGCTCCTGAACCTCCCTCACGCCACCCAGCCACCCCTCAGCATGGACTCGTTCCACACTGACGGCTCACAGATGCCCCAGCCTGTCATGTACAGCTTAGGGCACCTGCTGGGGGGGCTGACCCCTCAGAACGGCATCCCTCACCCACACGCCCAGCCCATCGCCGTGTCCCCGCTGGAAGCTTTGCGGGTAGTGCGGGCCGACGGAGATGGCGGAGTGCTGCCCGGGGCGGTGTACCCCTGTGGCCACTGCAGGGTGATCTTCCTGGACTATGTCATGTTCACCATCCACATGGGGTGCCACGGCTTCCGTGACCCGCTCGAGTGCAACGTGTGTGGCCATCGCAGTCGGGACCGTTACGAGTTCTCCTCCCACATAGCCCGCGGTGAACACCGCCTAGAACTGAAG;NA
scaffold6797_cov256;7157;exon;ATGTGGATATGGTGTGATATATAGGCTTTAGTGGAAGGTATTGTGCTGTGTGTGTGTGTGTGTGTGGTTCCAACCTTGGCGGAGTCAGTGATGTTGTCCCAGTAAGGACTGGGGAAGTCCAGTCGCCCCAGCAGGATCTGGTCAAACAGATCTTCCTGCAGGTTACTCTCA;GO:0004672
scaffold704_cov196;150910;exon;TTTAGCTCCGCTGATGACCAGCCCCAGCTCTGCACACACGGACACACACACCACCTCGTGGTCGTGTCCCGTCAGCACGGCCCGCGGAGCCGGGTAGTCGC;NA
scaffold5337_cov249;121360;exon;TGGGTGTCCGCTCCTCATCACAGAGACTCTGTATTTGAGGGTGAGTCCCTGCAGCGTCCTGTTGGTCTCACAGTTCTTCAGCACCAAGCTGAAGTCGCCCTGCTGGTGCTGCGGCTGCGGGTCGGTCGGGGCCAGCTTGGTCGGCTTCTTGTCCTGTTTCTTGTACTCCACCTCCACCTGGTTGCTGAGGCACTCTGGAGCCGTGTACTCGCTAAAGTGCATCGTGTAGTTGTGCATGCCGGGCACCGTGAAGTCCCACTGCATCTGCTGGTTGTCTGGGAAATCGCCGGGATAGTTGGCTGTGATGAAGTCCGTGTTCGACACACCTCGAGGGAGCTCCACTTTCATGATGGCAACCA;NA
scaffold1523_cov248;90536;exon;TCTCCATTTCTCCATGTGTAATTCCCTTTGCCATGTTTTAATCCGTTTACAAATTCTCCTTCATATCTGGATCCGTCTGGCCAGTCCCAAACACCGAGCCCTTGCCGTCTCTCTTCCCCGCTTTGAGCTTCTCCGTGGCCGTCACTCTGCCTCTCTGTCCCCGGCTCCGCACCTCCTCGCCCCGGGGCTGCCGCAACACCTCTGCAGGTCGACAGCAT;NA
