scaffold18_cov188;2509113;exon;TTTGCTCTCTCATCCATGGACATGGACCTGAAAGACTATGACTCTCGAACAGCGCTACATGTTGCTGCAGCAGAGG;GO:0004359
scaffold22_cov190;4000455;exon;ACAGGTGCACACCAAACAAGCACACGTGCAGCAGGACAGAGCGCTAACTTGGGCTCCGGGCATCAGCATCGGCATCGGTAAAGACATCTACCATTACGCAGGGCAGAACATCCTCATTCATGAGTCCATAGACTCATACGGAGCAGTGATGTGGCCAGCA;NA
scaffold32_cov191;7655539;exon;TGAAGCAAGAAATGGGCTCCATCCTTCAGTTACTGCTCCCGCTGACCCAGGAGCTGAGCAGCCCGGGGGGGTCGGAGGTCGTGGATCAGCAGAAGGACCTGCAGGCCATGCTGCACCAGCTGAAGGGAGCGGCCCAAACTCTGGCGCAGGCACCCGGCCCTCAG;NA
scaffold32_cov191;7655465;exon;TGAAGCAAGAAATGGGCTCCATCCTTCAGTTACTGCTCCCGCTGACCCAGGAGCTGAGCAGCCCGGGGGGGTCGGAGGTCGTGGATCAGCAGAAGGACCTGCAGGCCATGCTGCACCAGCTGAAGGGAGCGGCCCAAACTCTGGCGCAGGCACCCGGCCCTCAG;NA
scaffold45_cov184;15386947;exon;CTCAGTGTGCTGCGATAGTCCTCCACCTCTCTAAGGTCCAGAGAGGTGGTTTCCTTCTCTGTGAGCCGGGCCTCGTTGACTTTAATGATGTCTTCGGCCTGGAAAAGACTCTGGTGCAAACCCTTGAGGGCTGACAGT;GO:0005856
scaffold76_cov188;5190392;exon;TGCAGGATGAATAGGTCTTTGCTGCGCTTGTGTCTGAAAATGGGCACATCGAGCTCATTATATATTTCAATCTCTTTCTTCATCTGAAGCTCCTCGAGATGCAGCAGCAAGTGGAACCTCTCGGAGTAATTGCTCCACTCCAGAGGTCTCTGGAGAGCCCTAAAGAGATCCAAGTGACATGGAAACTGGGATGACCT;NA
scaffold77_cov196;184574;exon;CACCGACAAAGAGCGAGGCATCAAGAGCTGGCGGGACAAGGTGCAAGAGGGAAGCAACAACATCTGTGACCAATCGTGCTATGATATCCCTTTCTGCAATGGCATTTTGAAGCGGTTTAGATGTTTCCAGTACATGCCCTTCCTTCCTTCCTACAAGACCACCCAACAGCGGACATCCCAG;GO:0005215
scaffold90_cov201;248490;exon;TCCTCCAGCGTGGTGTCCGACACGCCGTAGCTGGAGATGCTGAGGTCGGGCAGCTTCAGGTCCAGGTCTTTGAAAAGCTCCACGAAGGCTCCGTCCTTGGCAGCGCTGTACGGCAGGACGTAGGTCAGCTCGTGACCCAGGTCTTCCACCAGGCGGGCGGCAGGGACGTGACACAGGATCAGACCCGACACCAGTGACACGTCGGGCGGGACGAAGGGGACATCACAGATGGATGCGGCGGGGCCGTTCT;GO:0005524
scaffold117_cov198;309597;exon;TGCACTGGTCTCCGGAGCACGCCGCCCCCTTATCTCAGTGGCCTGAGCAGCACCTAGATGTCACCTCAACTACTTCACCGCCTTCTGCCCACAAACATGACCCCTACTCTGCAGCTGGCAGACGCAGCTTTGCCCCTGCAGGTTACCCTTGGGCCAGTGATGACATATCAGCCCTTACTGCTTCTTCTCTGCTCAAGCGCTATGCTGAGAAGTACTCAGGCTTGGAGCTGCCCTATGATCGCCCTCCTACCGGAGCCTACTCAGAGCCTGGAACTTTCCTGAAAACTGAATCTGAGCCCTGGCCTCTGGGTCAGGGCATGGAGTGTTACCCTGGACTGGAGGCATTAACCGGTGCCAAGTTGGGCTCAGCATCTGTGGGCATCCCAGCAACAGGAAGTGTGACAGTGGTGAGCAGTAATTTGACCTCTGAGCCAGTCTACAGTGGTGCAGGTCCCTGTAGTGCCCCATCATCTCAGGAATATCCTCCTGCCTACAACAGCACCTACCTGTCTTCAGGATACTGCCCTCAGCCCGGTGCAGCACTTCCTCCAACCCCTCTACACTCTTTGCAGGCTGCACCTACTCTAGTGCCCAGCTACAGCGCCAGCACTCCTGTCTACAACTACCCACCAGGGTGCTACCCCCAGACCAGTCTGTCCTCTGGATACAGCCACCCTAGTGCCTCCTATCTGCCCTCTGGGATTAGTGCCCCCACTCCTCTGGCACCAAGGCCCACCATGGTGGGTGGCAGTTACAGCTACCCATCTCACAGCATTGGGGGGAACTCTGAGGTAGGGGCGCCACTGAAACGCAAGGCCTTTGAGATGGCAGAGGAAGGACAGGAGGGAGCAGAAGGGGAAGGATCACGCTACAGAAAGTACAGCAACGGCCATGGAAACAGTCATGGCAAAGGTCACGGCAACGGGCATGGCAATGGCTATGATATGAGCAGCCCAGCCTCAGACCCACAGGCCTTCAAACCTGGAAAGCCCCTGATGTCACCCACTTATGGTGGGGCAAGGGACTATAGCCCACCATCAGGCCTAGCAGGAGAGAGTGTGTCAGTGGAGCACAACTTTCCTCAGCAACAGAGAATGTCTATGAAGATACCTGCGTCGCACACACGATCTGAAGACCCAACTGGAGGGCGC;NA
scaffold117_cov198;877049;exon;TATGGAGTTGAGTCAGTCCTGAGTGTGTACTCACTGCCACACATTGTTCTCTCCTCAGTTACAACCCAGTCAGGACTGGGGGGAGGCTACGGCCCAGGTGGGACATGGGGGCTGGTGGAACTCGTTGCTGTGATCGCAGGGCCGCTGTTCCTGCTGTGTCTGCTGCTGCTGGTGGGCGTGTTCCTGTATCAGTACCATCAGAGGGCCTACAGCCACAGGCAAAGGCTGGAGGTAGAGGACCCCTCCTGTGATCACCTCTACCTGGCCAAAGACAGGACCCTGCAGGACCTCATATACGATCTGTCCACGTCTGGTTCAGGCTCCG;GO:0004672
scaffold117_cov198;3292351;exon;TTGTTCTCAGTGGCATGTTTCTCCTTCTCCACTTTGGCCAGGGTTAGCTCCAAATCATCAATGTCTTTCTTCAACTCAGAGCACTCGTCCTCTAGCTTTCTCTTCTTTGCGGTCAGCTCAGCATTCATTTCCTCCTCATCCTCCAGTCTCTCAGCCGTCTCTTTGAGTTTGGCCTCAAACTGTATTTTTGCTTTAATGAGCCCCTCACACCTTTCCTCTGCATCACTGAGGTTTTCACCTTC;GO:0003774
scaffold117_cov198;3312287;exon;AAACTGAAAACCTCAGTGATGCAGAGGAAAGGTGTGAGGGGCTCATTAAAGCAAAAATCCAGCTTGAAGCCAAACTCAAAGAGACGGCTGAGAGACTGGAGGATGAGGAGGAAATGAATGCTGAGCTGACCGCAAAGAAGAGAAAGCTGGAGGACGAGTGCTCTGAGTTGAAGAAAGATATTGATGATTTGGAGCTAACCCTAGCCAAAGTGGAGAAGGAGAAACATGCCACTGAGAACAAG;GO:0003774
scaffold117_cov198;3443207;exon;AGAGGCAGGTCTGTGCTGTTGTGGCGAGTCTTTCTGGAAGTCCCATCATCCCTAGGCAGAGCTTTCTGCAGGTTGGACATGGCAGCGGTCTTCTTTAGGTCAATGACTGCGTAGCATTCACTGCGCCGGGGTGCCTGTGGGCCACATTTTTTGGGTGGTAGGCGCTGGTGCTGTGGCTGGGTTTGGGCACCCCCACTGCTGAGGGCTTGGCAGGGAGGTTCTCCCTCTAGGTCCACCTGGATGTAATTCAGCTGCCGCGATGGAGGCATATGGCCGTGCTCACAGCCTCCGACCCCTGACCTCGATCGTCTGCCTAAATCAAAGCTAAATATTCGCCCCCCTCTGTCTGGCTGACATGGCCTTGGGTGCGGGGGGCAGGCATGTCGGAGCCGAGGCTGGACCTGCTCTGTGTTAACATAGTTCTGCAGGGCATCTCTGTGGATCCCCCGTCCATCCTGGTGGTACCCGTTGGGTGTCCCAGGGCCTTCTGAGAACTCGTACTCATCAAAGTCTTCCTCTTCTTCCTCGTATTCTTCCTCATCCTGCTCGTCATCTTCCTCTTCCTGTTCGTCATCCCGCTGCAGAGCGCTGTACTCCCACACTGGCGGCAGAGAGGGCAAGTTCTCGTAGTTAAGAAGAGCTGTCCGACGATGACCCCCGCCCATGCCCCTCTCGCAGCCGTAGCCCTGCAGGGGTAGGGATGATGGGCCGTGGGGATGCGGGTGCAGGAGGGAGTGGGTGTGACTGTCCCCAGTGCTGCTGCTGCTGCTCGAACCCACAGACTGCGACACACTGCTTGGACTCAGCCTCTGCTTCCGGCCGCTCCTCAGACCGTTGATGTTCTCGTAGGTGAGTTCGCCACTCTGGCAGCTGTCTGCGTGCTCAAGGCCCGGATGTCGGTGAGGATGGTGATGGAAATGGTGATAGGAGTGAGAGTTGCACAGATGCATGGAGGACTCGTCTCCCTCCGTCTCTGAACCTGTTGCACCCTCTACTGGCTGAAGGTTGTGAGGATTGTGCCCATGCCTCTCCCGCTCTCTCTCCCTCTCTCTCTCCAGCAGATGGCGCTGTGCCGGAGTGGGGCCCAGCATGAATTTGACCTCCTGCGAGGACGGCTGTAAGAACACCTGAGGTTCGTTATGCTCCTCCATGGGACAGCACCGCAGGTTGGACTGCGGATTTCCTTGGCCCCCTACAGGCATGGCTCCCCGTGTTGTTTCAGGGAAAGTGCTGGGCCGCACCTCGGGCAGGGAGTGGACACAGTGACGCATAGAGAGATCCCCCTCCATACTAACAGTATTTACATAGGTGTGGGT;GO:0005158
scaffold117_cov198;4278901;exon;TTGAACTCTTCTGGGATCTGTCCTGGTATCCTGAAACTAGTCTGCCCAGTGTGATCCAGAGTACTTCTGGGACTGGATACGGCAAAGCTTGTGCGTGTTTCTATTGTGCAGCTAGTCCGATGGAGGAACTGCAGGAAGTTCTCGTGGCCTGAGCCCTCGTGGCTGGAGATAGCCAGCTCTACGGGTCGCGCTGAGTAGCAGCGCCTCAGCTTGCAGAGCTCCTCCCTGATCTGCCGGTTAAGAAGTCCATAAAAAAATGGGTTTATAGCAAAGGATGAATATGCCAGCCAGGTGACAGCCTCCTCCAGGTCATCAGGAATCGAGGGTGATGTGTCTACTATCAAGCTGATGTGGAAGGCGAAGTAAGGCAGCCAGCAGAACAGAAACTGGCCAACAATGACCACCAGAGTGAGAGCGGCTTTACCGCCACCGAAAGGCCGGTCGCGCATTACTCTCCGTGGGGCACTGCGGGTTGTGATGATGGTCGTCTGGCTGTTGATTGAGTCAGAGCGGTGCTTCAGTTGACTGTTCGTCCACAAGGGCAGAGGTCCATGCTGGCGGGCAGCCACACGGGCCACCTTGTACACGTTACAGTACACGGCGAAAATCACCACAGCAGGCAGGCAGAAACAGGTGACACTGAAGAGCAGAGCGAAGACTTTTCGGTGGTCGCTGTGACTCCAATGCAGCGAGCAGTGTGCAGCATTGATGGAGCTCAGGCCGCCGTACAACTGCCATCCAAACACGGTGGACAGCCCCAGCGCGGCAGAGGCCACCCACACCATCACTAACACGGCTGCAGTCAGCTTCAACGTCATCTTGACCTCGTAGTGCATCGGGTGAACGATGTAGTAGTACCGCTCCACGCTGATGGCTGTGATGGTGAAGATGGAGGCAGCGATGAGGAATACATTGAGGAAGACGTAGACCTGGCACTCCAGCACAGTGAACACCACGCCAGCAAAGTACGGAGAGCTGGACACAATCCCCAGAGGCATGAGCAAGATGGCGCACAGCAGGTCCACCGCGCACAGGTGGCACACGAAGGCAAATTTCCTGAGATGAGGCGCTTTTATGACAACAACCAGAACAGCAGTGTTGGCCAGAAGTGCCAGAACATTCAGGGTCACCATGAAAAATATCCCTGTCAGGTCCTTGAAGCGTGTCTGCGGGTTGGGAAGGGTGCCCAGCTGTCTGCTGGGAGCGGAGGGCAGCGGGGCCCAAACGGTGGTGCTGTCCTTGTACTCAGGGGTCAGGGATGAACTGTTGTCCCCCAT;GO:0004930
scaffold117_cov198;4765817;exon;TGTCCTCATCCACCTCCCCTTCCCAAAGCCCTTCCTCTGGCCAGCCCCAGACCCTGGATCGCTCTCAGTCTGCCCCGGCCGCCATGGAGCAGACCTCAGCACCAGGGCGGTGCCAGGACCACTCTGGCCTCCAGGAGCTTCCTCTGCCTTCATGCTCAGCAGAGGATGCTGGTTCGAAACCTCATCAGGTCCACCCTCACCCTCTGCCTGGCCATAGCAACTCCAAAGTGCCCCCTGTACCCAGTCCTTCAACAGACGTCCTCCAAACGTGTACCCCCACTGTAGACGGGACTCGAGCATCCCAGTATCCGGGGTGTGAGGTACAGCACGGAGCCACAGAGGGAGACGCTGAATCAGACAAGGTGGTGAACAGTTCAGAGGAACTTTCCCCTATTCAACCCATGGAGCAGGAGATGATTGAGCCTGACACAGCTGATGCCACAGAAGCCTGTCCAGACGCTCCTAGCCAGTGCGACTCTGTTGAGATGGGGTCCCCCACTGCATCCCAAGGCGTGGTGTCATCTGAGAGGGACCAGCCTGAAGGAGAGCACAGCTCCAGCTCAGACAGCATCCCCTCGCTGGCGGCCGCCCTAAAGGAGCTTCACGAGCTACTGGTGTCCAACAACCGGGCTCACTCTCAGAACCGCAGCGCCTCCTGCTCCCCGTCACATCCATTCAAACAGGAAACAGACGAAGTAGCCCCAGAAGCACGCACTCCGACACCCGAAAACGCCCATCCCCTCCCTTCTACTGTCGTCACAGCCGGTGCAGAACCAAGCGATGCCAAAGCCAACCATGCTGCTGCTGTGTCTGATGAGGGCCCATCTAAGTGTCCTGCGCCTGATCTCTCTGGCCAAGATGAGCATCTGGACGGAGATGCAGCAGAGACTGTGGAAGGACCGCCACAGTGTCTAGATGGCTCCGGGGAGAGGAGGACAGATAGTCGAGGGGAAGATGAAGCCAATAACATCAGCATTTTTCAGCCTGAGCCAGAGGTTCCCCCTGATCCTGCAGGGGACCTGGAGTTCAGGGAACCTCCTGAGGGGCAGCAGGGGAGAGGGATTGCAGATGGACGAGCATCTGGCACCAAACCCCCAGACACTCTCGGCCTCCAGACTGAGCACAATTTCCTCAGCCCTCTGTCAATGGCAGTGGGCTCACCTGAGGAAGTCTCTAGCACCTCGTCCCCCTCTTCCACTCCTCTTGCTCAGGCTCCTCAGCTTACGTCTCCAGCCACTCCTCTCCCTTCTCCGCATCCCTTTATAGAACAATTTCCAGCTGAGCACATCCAGAGAATCCAGGCAGCGGGCTTTTCTGCCATGGAGGCTGCCGAGGCACTGGAAAGAGCCCATGGGGTTGTGGAGCTAGCTCTGCTGGCACTTCTAGCCCGCAGTATCACTGTGCCCACC;NA
scaffold139_cov178;847072;exon;GCAAGCCACGGGTGATGGAGGAGCTGCTCTAGAGACGGTCGCTGCTCGGGTTCTTCAGCCAGACAAAGATTTAATATGTCGTGGCAGCTTGGAGACAGGTCCTCATGGATGGGGAGTTCACCGTCCAGGAAACTTTTTGTTTCAAATGTGGCGTCCTCGTGCAGCATTTCGTAGACGACTATTCCCACCTGCCACACCGTCGTGGGACCGGCCGCGTAGGTGGAGCGGTCGTACCACTCTGGCGGGATGTGGTTCTCGGTGCCAGAGAAGAGCCCGTACGAGGCCTTCCTCTCGGTGAAGCAGCTGAGGCCAAAGTCGATCAGTCTCACCCGAGGGGCTTCCGAGCCGGTCTCAATGAGAATGTTCTCCAGCTTGATGTCCCGGTGGAAAACGTTCTGCGACTGGAGCTCCAAGGCTCCCTCCACCAGCTGCTTCAGCAAGAGACTGGCCGTCTCTTCCTGCAGGAAACCTCCAACGTGACTGATATATTCCAAGAGGTCCTGGCAGGGGTCAGGACGTTCCAGGACCAGGATGAGCTCCCGGTCCAAATCGTAGAAATCAAGCAGTGCAATGGCTCTGCAAGAGTTCCCCTCTGATCCTTTGGCCATTTTCAGCATGATCGCCACCTCAAGAGGGAGCGTCTGCTCATCACCGCCCTGCGGGGTGACCCTGTCCCTGCGGACACGTTTGATCGCCACAGGGAAATGGTCCTCTCTTCTGACACCAGCGAAGACAGATCCAAAGCCTCCTTCACCCAGGAGTTCCAGCTGCTCGTACGCAGCGTGGAAATCCCGTCTGCTGGTTTCCTCTGACGTGCAAGTGGTGGTGCTGTCGACCCAGTCCCACCTAGTCCAGCCGCGATCCAGTTCGGAGACTCGTGATGTTTTTCTTGGACCGTCTTCGTTGTCGGATGCTTTTCCCTTAGCAACCCCTGAGTCAGATGTCCTCTGACTCTTCCTGGTGTCTTGATCTTCTTCAGAGACTTTTCTTGACAAGCCCTCTCCTCGTTCAGAGCTGTGCTCAGAGACCTTCGTCTTCCTCTTTGTTGGATTCCCATCAGCACAGCTGTTTT;GO:0004672
scaffold154_cov191;9913567;exon;TTTGCAGACTTGGGAGGAGGCGTCCAGGAAGTAGTTTCTGCCACATTCTAGCACACACTGTCCCTGCAGGGTGGCGTAGGGGGGCTGGCATTGCTGGCACTGTCCCGGACCCCGACACTCAGCACAGTGATCATCACAGC;GO:0005515
scaffold163_cov193;2467940;exon;CTACATAATTTGGTTGTTTCGTATTCCATCGAGTTGGGCTGCTTGGCACTGAAAGTCTGCAGCGCTGCCTGGATCCTGGCAACGTCTGTGGTGGACAGTTTGAGCCGGTGCCGCAGCAGACAGGAGAAGAGGTCCAGAGGCTGCGCTCCGGGCGGGGAAAGCCTGTTGACCCGATCTCGGATCTCCAGCAGCTGCAGCAGGGCCGAGTCCTGCGATCCCTGAGTATATGGGTAGTCTAGCTGTAAAATCAGGTCCTGGATCGCTTCCGGGTCGAAGTGCATACTATAGCCATACACCTGGATGCTGTTTATCTTCATGTAGCCTAGATTCCGTCCCGGTTCCAGGTACTCCAAGGGTTCATAATATACAGTTCCATTTCCGTTACTTGAGGGCCCTCTGATGCGGCTCCTTAGGTAAAAGTGGACTGTCTCAAAAAACGTTTTCCACTTGTTTCCCAAAGTCAAAGTCCAGTTATAACAGTCATAGGGAAGGTCTAATTTAGTCCTCTCCCAGTCTGGGTAAATGTTCTGGTCTATGGGCATGATCCAGCTCTCCGAGTGGCTCCCCCCGAACGGATTGATGTAGACAGACAGCATGGGGTCCAGAGTGCTGTTCTTGGTAAGGCAGATCTGTAGAGACATCCCCAGGAGCATGTGGACGTGGTTTGACTTGTATTTGTTACTCTTCAGCGTCAGCAGCATCCTCTTCCTCCATGACGGGTCGAACCAGTTATTCAGCCTGACGTCGTTGCTGACAAAGATCCCGTGGATGCTGATGCGGTTGTCACGTTTCTGCAGAAGGTAGCGCAACTCCATGTCCTGCAGGTCCGTCTCGAAGCCGATGTAGTGGTCGGTGGAGTCGGGCACCTCGTTGCGGCACACGCCCTGACTCAGCATGTAACCCTGGTTGCAGGTGGCGCAGCGCGAGCGGTTCTCGTAGGAGCAGGAGGCGCAGGAGGTGCCCTCGCCCACCGTGCAGGGGATCACGCCCTGGCAGGGTGGGTGCTCGTAGGGGCAGGAGCAGCTCCTGGTCTCCTCCAGGTAGGAGCCGATGTGGTTGTTCTCGCTGCAGTACATGATGGAGAGGATGTAGTTGAGCCAGTAGCTGAAAGGC;NA
scaffold167_cov210;643025;exon;CGTCCCTGGTCAGTGAGCTGAAGAGCTGGTGTCTGTCCAAGCTGCAGAACATGGAGTTTCGCTTTGCAGGAGACCCCAGCAGCACCAAGCTGCAGTGCTCCTCTGTCGCAGAGGGCCTAGATGAAGCTGATGGAGCCAGCCTCACTGCACCACCTTGTGGCCAGGGAGACAGCTCCCAGTGCCTGGAGCTCCAAAGTAGCCTTGCCCTCCTGGACTCATGCCGGGGGGAGCCCAGTGTGGCAGAGGAGGGCTCAGCTAACCATTACTTTGTGGTTCATGTGGAAAGCTCTCCAG;NA
scaffold177_cov186;5724045;exon;TGTACCACTTACCCAGTCATCCCAGTAACGCCACCACATCAGACACCACCACTTCAGCCGGTGAGATCAGCCATGTGATCCTGCGGCATTACAACCACACCGGCCGCCTGCAGAACAGGACCGTCTCAAACAGCCAGAACCACATCAGTGTCGCCGCGGCCGTCTTCCTCTTCGTCAGTATTTTCATCATCCTGGAGAATCTGCTGGTGCTGGTGGCCGTCATCTCCCGCATCCGCAACAGCCGGCGCTGGGTTTATGTCTGCATTGCCAACATCACGCTGAGTGACCTCATCACCGGCGCTGCCTATGTGGTCAACATCTGTTTGTCAGGCAGCCAGACGTTTCGCCTCACCCCTGCTCTGTGGCTCTTCAGGGAAGGGATGCTGTTTGTGGCACTGGCCGCATCCATATTCAGCTTGCTACTGATTGCTGTGGAGCGTTACACCACCATGATGAAGCCGCTTCCCCAGAAGTCAGCCAAGAAGAGTTACTACAGGATCTTTGGCTTGGTGCTACTCTGCTGGCTTTTGGCCATGGTGATTGGCTTTCTCCCATTGATGGGCTGGAACTGTGTGTGCAGCCTGGAAGGATGCTCCACCCTCCTCCCTCTCTACTCAAAGTCCTACATCTTTTTCTCTCTCATCATCTTCTTCATCATCCTCCTGGCTATTGGGGTGCTCTATGGTGCCATCTACTGCCACGTACACAGGAGTGCACAGCTGGGCCCGCAGCGCAGTCGTAAGCGCTCCTTGGCCCTGCTTAAAACTGTGATCTCCATCGTTGGAGTCTTTATGCTTTGCTGGGGGCCACTCTTCGTGCTGTTGCTGGTGGATTTCTTCTGTATCTCCCGCCAGTGCGCTCTGCTGTTCAGTGCAGACTTTTGCATCGCACTGGCTGTCCTCAACTCCGGCCTGAACCCCATCATCTATGCCCTGGGCAGCAGTGACATGAGGAAGGCAATCGCAGAGCTGCTGTGCTGCTGCTGCCTGAGGTCTGGCCTCTGTCACCCAGACACATTTACATCCAAGGACACCAGCAGCACCTCTGAAACCAGGAGGGACAGCCTGAGAAACAGTTTTAACAAGGTCAGGAATCTGAGCGTGGCCTCCCCGCCATCAACGCCCAGCAAGCCTCGCAGGGCACCCAAAAAATACAGGCTGAGCTCCACCACCAGCTGCCTGTCAGTTTCAAGTGGT;GO:0004930
scaffold203_cov183;3411436;exon;TCGCAGCGGTGGAGCAGGATGTGGTGACACAGACAGAGACTCTGGTGACGACCCGCACAGAGATTAAGGACCTGAAGAGCACTGTCCAGAGGCTTCAGATTGAACTGCAGTCCCATTTGAGCATG;GO:0005198
scaffold227_cov207;138661;exon;TGTTTACTGTTTCTCTCTGCTCCTACTGTTCTTGTTTCTCCTGCAGAGGACCCTGTTTCTCACAGAATCCAGCAGAGAAGAAGAAGCCAAGCAGACCCTCTGAGAAAAGTGTTACTGACCACACAGATCAAGGTCAGTCCACAAGG;GO:0000166
scaffold228_cov204;46895;exon;TGTACTTCCTGACTCCACGGAAATGTGGCCTTTTTGGTGTCTCCTGTGAAGGGCTGCAAAAACAGGTGAATTTCCTGATTGATGAAGGCATGTCATCAAGTAAGGGGAGCAATGAAGTCATCAGCTACATGCATCATTTCTTCAGCTACTTCGGAGTTGGAGAAACAGACGTGGATCTTCATTGTGACAACTGCAGTGGGCAAAACAATAACAACTTCATGCTGTGGTACGCTGCCTGGCGGGTTGGACACAGGCTTCATGACACAATTGACCTCCACTTCCTTATTGCTGGCCACACCAAATTTTCCCCTGACTGTGGCTTTGGACTAATCAAGCAAGCATACATGAAGACCAGAGTCAACACTTTGGCAGACATCGCTGAGGTAGTGGAAAACAGCTCTCCTGAGAGTCACCTCAATATCCCACAGCTTGTTGGAAATGCAGATGGCAGAGTGTTAGTCAAGACCTTCGACTGGCAGAAGCATCTGAGTCCCAAGTTCCGAAAGCTACCACTGATCAAGAGTTATCAGCACTTCAGCTTTGATGCTAAGAGACCAGGTGTAGTGCTTGCAAGAACTCACTGTGATGCAGAACCTGTCGAATTCCAGCTACTGTGCGATTCAGCGGTTTTGCCCCCTGTTGACAGTCTTCCTGTCCTTGCCCCACCTGGACTGAACATTGACAGGCAGACCTATCTTTATGAAAAAATCAGACCTTTCTGTGCTGACGAGGCAAGAGACTTCACGTGCCCAGCGCCAAGGGTCACAGCACAGAAGAGTCCACAGAAGAGTATGCAGAAGAGGATGCGGATG;NA
scaffold240_cov187;8470483;exon;TCGTCAAAGCTGGTGAGGTTCCCTTGCGACAGTTCAATTCCAAAGGCAATGAAGCAGATGATGGCCGCCACCCACATCAGACACTGCAGCCCTCCAGCAAGCTGCCTGGCAAACTTCACATACTCTGGAGTTCCTTTAGGGGGCTTCAGCTCATTGGGACCGTCTCTCTCCAAGATCTGACTTGCAAAGGTGGAGGTCAAACC;GO:0000166
scaffold251_cov171;705813;exon;TACAGTCGTGGCGAGCCCCCTCCACCTGCTGGCGACCCACGCCTCCGCCTCCGCCCTCCTGCCCACCAAACGACAGAACGGGGACCAGCTGGCCGCCGAGCAGCCCGACGCCAAGCGCATCAAATCAGAAGACGAGGCGGCCCCGACCTCCTCGACCCCGGCGGACTCGTCAGCAGCTAACAACTCGGGAGCCCACAA;GO:0003700
scaffold340_cov184;7964973;exon;TTCAGGGCTCCCAGGGTGACCGAGTCCTTCCCCTCGGAGGAGTATGTGAGCGAGGATCGTTTCGCGGTGGCATAGGAGGCGTACGAGGGGGCAGAGGAGGTGGAGGAGGACGTTAAACGGGGCAGAGTGGATGTAGAGGAAGGGAGGGGCTGAGTCTGTCTGTCGGTAGTGCAGTAAGCCGGGGAGGAAGACCTGCCCTTGCTTTGGAGGCTGCTGCTGCTGCTGCTCTGCAGGGGGGAGCTGGACGTTTTCGGGCCTCGGGTCAGCGACGACGTGGAGGAGCTGGAGAGGGGCGAGGTCCTCATGCCGTAACCGAGGATGCCTGTGCTCATGAGAAACTCCCTGGAGCCGTAGGCCGGAGGAGTCGGTCCGCGGGAGCCCGGCGGTCGGATGTTTTCTGGCGGTAGGCTCCTCCTGCAGGGGATGTCGTAGATCCCCACGTCCGGGCCGTAGAGCGCCTGGGATCTGGCCTGGTGGCGCAGCATCCTCTCCCTCTCCTCCATCTCCCGCCTCCCGTGGATGGACGCCATGATGGTTTTTGAGAAGTTGTCGTAGCGCGCGGCGGCAGACTTCGGGGGTGTCAAGCCCTGCGGGCCCAGATCGCGGAGG;GO:0008270
scaffold342_cov182;2199669;exon;ATTGTGTTGATTGATGAGTTCAACACCGATCCTGATATATTCGTGTTCCTGTTGTCAACGCGTGCTGGTGGCCTGGGCATCAACCTCACCTCAGCTAATGTCGTCATTCTGCATGACATCGACTGCAATCCCTACAATGACAAACAGGCAGAAGACAGATGTCATCGTGTAGGCCAGACTAA;NA
scaffold409_cov185;1516831;exon;AATCTGGAGGAGTTGTCATTTCTAATGGTCTTGGCGTTTCCAAAGGCCTCCAGGGCAGGATTGGCCTGGATGATTTGATCCTCCAGGGTGCC;GO:0003774
scaffold973_cov168;556106;exon;TTGGAGAGCTGCAGTTTGTCAGAGATCAGCTGTGCTTCTCTGGCTTCAGCTCTGAAGTCCAACCCCTCCCATCTGAGAGAGCTGGAGCTGAGCGCGAACGACCTGCAGGATTCAGGAGTGAAGTTGCTGTCCGAACTTGTGGAGAGTCCAAACTGTCGACTGGAGACTCTGAG;GO:0005515
scaffold1125_cov199;559696;exon;TGCAAGTCTGCTGGTTGGCAGAGACTGGACCAGTCCACTCTGAGGCCTCCAGACCAGCAGGGCCTCCAGGATCTTGGTGTCAGGTAGCTGCTGCAGGCTGGCCAGGTGAAGCTCCTGTCTAGGTAAACTCAGCGCTTGTCCCAGGCTGCGCTGAAGGCCTCTCCAGTGGTCGCCCAGAAACTCCTCCGATGACAACCCGAACAGCTGCAGCGTCAGGCCAGAGTCCAGTGCCCTCTGACTGGCCTTCCACACGTGAACTTTGACCCCAGTCCAGACGCTGAACTTCCCATCAGTTACGCTGACGTTGAGGGAGTAGGAGCCCTCCTCCAGGTTTTCATCCGCCCAGATTTTCCCATCAGACATGTCGACGGAAAATCTCCCCTCATCTGGATTCTCTGATACCAGCTTGTAGGTCAGGACGTCCTGCAGGTCCTGGTCGGAGGCGTGAAGCCTGCCGATGACCCGGTTGGCAAACAGTCCACCGGAGGTCGTGATGAAGACCTCCAAAGGCACCACAGAGGGAGGATACTTGCTCTGCTCTGTTACATTGATGTTAACCACACAGATGGAGGAGAGGGGAGGGTGGCCGCTGTCTGTCAC;GO:0005509
scaffold1173_cov203;41736;exon;TGGAGGTGGGCATGGAAGAACATGGCAGGGCTCTAACAGATTACTTCAACTTGAAGTCTACAAACGACAAAGTGAGGGCTGTTCTGGCTGGTCTCCATGGCACTCCAAGAAGCATCCTGCAATTGTTGATGGCACACTTCAAGGAAGAGATGGATGCCGTCTTCATTGAGGCAGAT;NA
scaffold1547_cov185;1061313;exon;GGACGCTCACGTGGAGGCGGGTCACTTCGACTGTGTCGTGTACCTGCGGCTGTGGAGCGGAGACCTGGAGGGGGCGCTGCAGCTCGCCACAGAGAGAGGAGAGCTGAACGACCACCTGCTCTCAGTCGCTCCTATGG;GO:0005515
scaffold1733_cov102;12150;exon;TGCAGGTTTTCCAGCCCAGCTCTCCTGTTAACTGCAGGCTGAAGCCCAGGAGCTGCAGCAGAGAGACCAACTGCTCGGCCTCCTCTCTGGATCTCACACAGATTAATGTGCACACACGCTGGAAGAACTCTGGATCAACA;NA
scaffold1810_cov185;275490;exon;GGTTGCTGGAAATAGGCAGCAGAGGGCACTGGCATCCCGGTGCCAGATGCCCCTATGCCAGGAACCCCCGGTAGAAGTGAGCTGCTGTGATTGCTGGAAACAGACAGCAGAGGGCATTTGCATCCCGGTGCCAGGAGCCCCGATTGAAGCGAGCTACTGTGGTTGCTGGAAACAGGCAGCGGAGGGCTGGCATCCCGGTGCCAGGAGCCCCGGTTGAAGCGAGGTGCTGTGGTTTCTGGAAACAGGCAGCGGAGGGCGCTGGCATCCCGTTGCCAGGAGCCCCGATTGAAGCGAACTTCTGTAATTGCTGGAAACAGACAGCAGAGGGCATTTGCATCCCGGTGCCAGGAGCCCCGGTTGAAGCGAGCTGCTGTGGTTGCTGGAAACAGGCAGCAGAGGGCGCTGGCATCCCGGTGCCAGAAGCCCCGGTTGAAGTGAGCTGCTGTGGTTGCTGGAAGCAGGCAGCAGAGGGCGCTGGCACCCCGGTGCCAGGAGCCCCGGTTGAAGAGAGCTGCTGTGGTTGCTGGAAACGGGCACCTGAAGGTGCTGGCATCCCGGTGCCATGAGCCCCGGTTGAAGCAATCTGCTGTGGTTACTGGAAGCAGGCAGCAGAGGGCGCTGGCACCCCGGTGCCAGGAGCCCCGGTTGAAGCGAGCTGCTGTGGTTGCTGGAAGCTGGCAGCAGAGGGCGCTGGCACCTGTAGCTGTGCATAACGTGAAATTAGTGGTTGCCTGCTGAGGGGGAAGAACAGGTGCTGGCATCCTGGTGCCGACGTCCCCAGCCGACATGAACTCCTGGGACTGATGGAGCTGGGAGAGGGAAGATCCCTGCAT;NA
scaffold2031_cov211;670856;exon;TAGACGCGGGGAATGATCCTGTAGCGAACAGTTCTGCAGTACTCGTCCCACGCTGAGCCGTACTTCCTCCTGCATTCGCTCATGTCTCTGGAATCTCTGTGCACAAGCAGGATGATGAAGTAGATCATGTAGTACCACGGGAGGAGGTGGCTGAAGC;GO:0016020
scaffold2031_cov211;676414;exon;AGACAGTTTGGGGTCTGATGGGTTTCTCCTGAAGGCGTTTTTCTCAGAGTTTGATTTCCTGAAGATGTAGAAGCCAACAA;GO:0016020
scaffold2329_cov211;74841;exon;CTGCACTACCCTCAGTCCCACCAGACACCAAGCTGTCCAAGCTGGATGTTCTGGTTCTGGCTACTAACTACATTGCTTACCTAACGGAGACCCTTGACCAGGGACAGACGCTGGCTGAGCACACCCTGCCCACCAGGCCAGGTGGATACCTGCATCCTGTTAAG;GO:0046983
scaffold2358_cov202;29256;exon;CTGGCTGTCAAGCACACTCTGCACCACCTCCTCCAGGCCCACCATGTAGATGAACTCGCTGTTGGCGGCAGATGGCAGGAAGTGGAGAAGTGGGGCGGGAGGTTTGGGTGGAGGGATCTCCAGCAGGGTTTTCTCCAGCTGCTTCCTCAGGGCCAGCTTGGCAGCAGCCTGGCTGCTAGCCTGGTCGGCCATGGAGCTCACCCCTCCGCTGGCTGAGCTGGACATGGTGGACGGGCTGACGGCCGAAGCTCCGCCTAGGCCACCCCCAACACCGCCGGCTGCCGCCGCCTGCATGTGGGCCAGGTTCATGTACATGGCACTGGAGCCTGAGCGCTGGGAAGCTGCCACCTGCTGGCTGGCCTGCAGGGACACACACATTCG;GO:0003700
scaffold2358_cov202;33401;exon;TGTGCAGTGCGGAGGTTCTGGGGCTCAGGGTTGTGCAGGCCTGGCCTCACTGGCAGCTTCCCCAGACCAGCGGAGCTGTGGATAGGAGAAGGCTGCACAGAGGACGCAGCATTCTGGACCACTGGGAC;GO:0003700
scaffold209458_cov190;2893446;exon;GGTGGCCAGTCCCCCGTCTATGGCTGCTGGTGCAAGCATCGAGGGGGCGCTGTACAGCTCCCCTCTCCCCCAGCAGGGTGGAGGGGTGTCAGCTACAACAGCTGGGGCAGGAGCAGCCATCAGTCTGGAAGGCTTTGAGGCTTCATTTGGGAGCCAGTTTTCTGATCTCATCAATGATTTCATCTCAGTTGAGGGGTCTGGAGGTGGGGTGGGGGCAGCTGTCACTGGGGTTCTCATGCCCCAGGAGGGGGCAGCAGGAGAGGAGCAGGGCACAGGACCAGGCCACCTGCAGGGCTCGGAGGTGGAGCAGGGAGCACTGGGACTGCTGCAGGAGACTGGGAGGCTGTTTGGTGTGACAGACTACTCCCCAGAGTGGTCTTATCCTGAG;GO:0005515
