scaffold18_cov188;2509113;exon;TTTGCTCTCTCATCCATGGACATGGACCTGAAAGACTATGACTCTCGAACAGCGCTACATGTTGCTGCAGCAGAGG
scaffold22_cov190;4000455;exon;ACAGGTGCACACCAAACAAGCACACGTGCAGCAGGACAGAGCGCTAACTTGGGCTCCGGGCATCAGCATCGGCATCGGTAAAGACATCTACCATTACGCAGGGCAGAACATCCTCATTCATGAGTCCATAGACTCATACGGAGCAGTGATGTGGCCAGCA
scaffold32_cov191;7655539;exon;TGAAGCAAGAAATGGGCTCCATCCTTCAGTTACTGCTCCCGCTGACCCAGGAGCTGAGCAGCCCGGGGGGGTCGGAGGTCGTGGATCAGCAGAAGGACCTGCAGGCCATGCTGCACCAGCTGAAGGGAGCGGCCCAAACTCTGGCGCAGGCACCCGGCCCTCAG
scaffold32_cov191;7655465;exon;TGAAGCAAGAAATGGGCTCCATCCTTCAGTTACTGCTCCCGCTGACCCAGGAGCTGAGCAGCCCGGGGGGGTCGGAGGTCGTGGATCAGCAGAAGGACCTGCAGGCCATGCTGCACCAGCTGAAGGGAGCGGCCCAAACTCTGGCGCAGGCACCCGGCCCTCAG
scaffold45_cov184;15386947;exon;CTCAGTGTGCTGCGATAGTCCTCCACCTCTCTAAGGTCCAGAGAGGTGGTTTCCTTCTCTGTGAGCCGGGCCTCGTTGACTTTAATGATGTCTTCGGCCTGGAAAAGACTCTGGTGCAAACCCTTGAGGGCTGACAGT
scaffold76_cov188;5190392;exon;TGCAGGATGAATAGGTCTTTGCTGCGCTTGTGTCTGAAAATGGGCACATCGAGCTCATTATATATTTCAATCTCTTTCTTCATCTGAAGCTCCTCGAGATGCAGCAGCAAGTGGAACCTCTCGGAGTAATTGCTCCACTCCAGAGGTCTCTGGAGAGCCCTAAAGAGATCCAAGTGACATGGAAACTGGGATGACCT
scaffold77_cov196;184574;exon;CACCGACAAAGAGCGAGGCATCAAGAGCTGGCGGGACAAGGTGCAAGAGGGAAGCAACAACATCTGTGACCAATCGTGCTATGATATCCCTTTCTGCAATGGCATTTTGAAGCGGTTTAGATGTTTCCAGTACATGCCCTTCCTTCCTTCCTACAAGACCACCCAACAGCGGACATCCCAG
scaffold90_cov201;248490;exon;TCCTCCAGCGTGGTGTCCGACACGCCGTAGCTGGAGATGCTGAGGTCGGGCAGCTTCAGGTCCAGGTCTTTGAAAAGCTCCACGAAGGCTCCGTCCTTGGCAGCGCTGTACGGCAGGACGTAGGTCAGCTCGTGACCCAGGTCTTCCACCAGGCGGGCGGCAGGGACGTGACACAGGATCAGACCCGACACCAGTGACACGTCGGGCGGGACGAAGGGGACATCACAGATGGATGCGGCGGGGCCGTTCT
scaffold117_cov198;309597;exon;TGCACTGGTCTCCGGAGCACGCCGCCCCCTTATCTCAGTGGCCTGAGCAGCACCTAGATGTCACCTCAACTACTTCACCGCCTTCTGCCCACAAACATGACCCCTACTCTGCAGCTGGCAGACGCAGCTTTGCCCCTGCAGGTTACCCTTGGGCCAGTGATGACATATCAGCCCTTACTGCTTCTTCTCTGCTCAAGCGCTATGCTGAGAAGTACTCAGGCTTGGAGCTGCCCTATGATCGCCCTCCTACCGGAGCCTACTCAGAGCCTGGAACTTTCCTGAAAACTGAATCTGAGCCCTGGCCTCTGGGTCAGGGCATGGAGTGTTACCCTGGACTGGAGGCATTAACCGGTGCCAAGTTGGGCTCAGCATCTGTGGGCATCCCAGCAACAGGAAGTGTGACAGTGGTGAGCAGTAATTTGACCTCTGAGCCAGTCTACAGTGGTGCAGGTCCCTGTAGTGCCCCATCATCTCAGGAATATCCTCCTGCCTACAACAGCACCTACCTGTCTTCAGGATACTGCCCTCAGCCCGGTGCAGCACTTCCTCCAACCCCTCTACACTCTTTGCAGGCTGCACCTACTCTAGTGCCCAGCTACAGCGCCAGCACTCCTGTCTACAACTACCCACCAGGGTGCTACCCCCAGACCAGTCTGTCCTCTGGATACAGCCACCCTAGTGCCTCCTATCTGCCCTCTGGGATTAGTGCCCCCACTCCTCTGGCACCAAGGCCCACCATGGTGGGTGGCAGTTACAGCTACCCATCTCACAGCATTGGGGGGAACTCTGAGGTAGGGGCGCCACTGAAACGCAAGGCCTTTGAGATGGCAGAGGAAGGACAGGAGGGAGCAGAAGGGGAAGGATCACGCTACAGAAAGTACAGCAACGGCCATGGAAACAGTCATGGCAAAGGTCACGGCAACGGGCATGGCAATGGCTATGATATGAGCAGCCCAGCCTCAGACCCACAGGCCTTCAAACCTGGAAAGCCCCTGATGTCACCCACTTATGGTGGGGCAAGGGACTATAGCCCACCATCAGGCCTAGCAGGAGAGAGTGTGTCAGTGGAGCACAACTTTCCTCAGCAACAGAGAATGTCTATGAAGATACCTGCGTCGCACACACGATCTGAAGACCCAACTGGAGGGCGC
scaffold117_cov198;877049;exon;TATGGAGTTGAGTCAGTCCTGAGTGTGTACTCACTGCCACACATTGTTCTCTCCTCAGTTACAACCCAGTCAGGACTGGGGGGAGGCTACGGCCCAGGTGGGACATGGGGGCTGGTGGAACTCGTTGCTGTGATCGCAGGGCCGCTGTTCCTGCTGTGTCTGCTGCTGCTGGTGGGCGTGTTCCTGTATCAGTACCATCAGAGGGCCTACAGCCACAGGCAAAGGCTGGAGGTAGAGGACCCCTCCTGTGATCACCTCTACCTGGCCAAAGACAGGACCCTGCAGGACCTCATATACGATCTGTCCACGTCTGGTTCAGGCTCCG
scaffold117_cov198;3292351;exon;TTGTTCTCAGTGGCATGTTTCTCCTTCTCCACTTTGGCCAGGGTTAGCTCCAAATCATCAATGTCTTTCTTCAACTCAGAGCACTCGTCCTCTAGCTTTCTCTTCTTTGCGGTCAGCTCAGCATTCATTTCCTCCTCATCCTCCAGTCTCTCAGCCGTCTCTTTGAGTTTGGCCTCAAACTGTATTTTTGCTTTAATGAGCCCCTCACACCTTTCCTCTGCATCACTGAGGTTTTCACCTTC
scaffold117_cov198;3312287;exon;AAACTGAAAACCTCAGTGATGCAGAGGAAAGGTGTGAGGGGCTCATTAAAGCAAAAATCCAGCTTGAAGCCAAACTCAAAGAGACGGCTGAGAGACTGGAGGATGAGGAGGAAATGAATGCTGAGCTGACCGCAAAGAAGAGAAAGCTGGAGGACGAGTGCTCTGAGTTGAAGAAAGATATTGATGATTTGGAGCTAACCCTAGCCAAAGTGGAGAAGGAGAAACATGCCACTGAGAACAAG
scaffold117_cov198;3443207;exon;AGAGGCAGGTCTGTGCTGTTGTGGCGAGTCTTTCTGGAAGTCCCATCATCCCTAGGCAGAGCTTTCTGCAGGTTGGACATGGCAGCGGTCTTCTTTAGGTCAATGACTGCGTAGCATTCACTGCGCCGGGGTGCCTGTGGGCCACATTTTTTGGGTGGTAGGCGCTGGTGCTGTGGCTGGGTTTGGGCACCCCCACTGCTGAGGGCTTGGCAGGGAGGTTCTCCCTCTAGGTCCACCTGGATGTAATTCAGCTGCCGCGATGGAGGCATATGGCCGTGCTCACAGCCTCCGACCCCTGACCTCGATCGTCTGCCTAAATCAAAGCTAAATATTCGCCCCCCTCTGTCTGGCTGACATGGCCTTGGGTGCGGGGGGCAGGCATGTCGGAGCCGAGGCTGGACCTGCTCTGTGTTAACATAGTTCTGCAGGGCATCTCTGTGGATCCCCCGTCCATCCTGGTGGTACCCGTTGGGTGTCCCAGGGCCTTCTGAGAACTCGTACTCATCAAAGTCTTCCTCTTCTTCCTCGTATTCTTCCTCATCCTGCTCGTCATCTTCCTCTTCCTGTTCGTCATCCCGCTGCAGAGCGCTGTACTCCCACACTGGCGGCAGAGAGGGCAAGTTCTCGTAGTTAAGAAGAGCTGTCCGACGATGACCCCCGCCCATGCCCCTCTCGCAGCCGTAGCCCTGCAGGGGTAGGGATGATGGGCCGTGGGGATGCGGGTGCAGGAGGGAGTGGGTGTGACTGTCCCCAGTGCTGCTGCTGCTGCTCGAACCCACAGACTGCGACACACTGCTTGGACTCAGCCTCTGCTTCCGGCCGCTCCTCAGACCGTTGATGTTCTCGTAGGTGAGTTCGCCACTCTGGCAGCTGTCTGCGTGCTCAAGGCCCGGATGTCGGTGAGGATGGTGATGGAAATGGTGATAGGAGTGAGAGTTGCACAGATGCATGGAGGACTCGTCTCCCTCCGTCTCTGAACCTGTTGCACCCTCTACTGGCTGAAGGTTGTGAGGATTGTGCCCATGCCTCTCCCGCTCTCTCTCCCTCTCTCTCTCCAGCAGATGGCGCTGTGCCGGAGTGGGGCCCAGCATGAATTTGACCTCCTGCGAGGACGGCTGTAAGAACACCTGAGGTTCGTTATGCTCCTCCATGGGACAGCACCGCAGGTTGGACTGCGGATTTCCTTGGCCCCCTACAGGCATGGCTCCCCGTGTTGTTTCAGGGAAAGTGCTGGGCCGCACCTCGGGCAGGGAGTGGACACAGTGACGCATAGAGAGATCCCCCTCCATACTAACAGTATTTACATAGGTGTGGGT
scaffold117_cov198;4278901;exon;TTGAACTCTTCTGGGATCTGTCCTGGTATCCTGAAACTAGTCTGCCCAGTGTGATCCAGAGTACTTCTGGGACTGGATACGGCAAAGCTTGTGCGTGTTTCTATTGTGCAGCTAGTCCGATGGAGGAACTGCAGGAAGTTCTCGTGGCCTGAGCCCTCGTGGCTGGAGATAGCCAGCTCTACGGGTCGCGCTGAGTAGCAGCGCCTCAGCTTGCAGAGCTCCTCCCTGATCTGCCGGTTAAGAAGTCCATAAAAAAATGGGTTTATAGCAAAGGATGAATATGCCAGCCAGGTGACAGCCTCCTCCAGGTCATCAGGAATCGAGGGTGATGTGTCTACTATCAAGCTGATGTGGAAGGCGAAGTAAGGCAGCCAGCAGAACAGAAACTGGCCAACAATGACCACCAGAGTGAGAGCGGCTTTACCGCCACCGAAAGGCCGGTCGCGCATTACTCTCCGTGGGGCACTGCGGGTTGTGATGATGGTCGTCTGGCTGTTGATTGAGTCAGAGCGGTGCTTCAGTTGACTGTTCGTCCACAAGGGCAGAGGTCCATGCTGGCGGGCAGCCACACGGGCCACCTTGTACACGTTACAGTACACGGCGAAAATCACCACAGCAGGCAGGCAGAAACAGGTGACACTGAAGAGCAGAGCGAAGACTTTTCGGTGGTCGCTGTGACTCCAATGCAGCGAGCAGTGTGCAGCATTGATGGAGCTCAGGCCGCCGTACAACTGCCATCCAAACACGGTGGACAGCCCCAGCGCGGCAGAGGCCACCCACACCATCACTAACACGGCTGCAGTCAGCTTCAACGTCATCTTGACCTCGTAGTGCATCGGGTGAACGATGTAGTAGTACCGCTCCACGCTGATGGCTGTGATGGTGAAGATGGAGGCAGCGATGAGGAATACATTGAGGAAGACGTAGACCTGGCACTCCAGCACAGTGAACACCACGCCAGCAAAGTACGGAGAGCTGGACACAATCCCCAGAGGCATGAGCAAGATGGCGCACAGCAGGTCCACCGCGCACAGGTGGCACACGAAGGCAAATTTCCTGAGATGAGGCGCTTTTATGACAACAACCAGAACAGCAGTGTTGGCCAGAAGTGCCAGAACATTCAGGGTCACCATGAAAAATATCCCTGTCAGGTCCTTGAAGCGTGTCTGCGGGTTGGGAAGGGTGCCCAGCTGTCTGCTGGGAGCGGAGGGCAGCGGGGCCCAAACGGTGGTGCTGTCCTTGTACTCAGGGGTCAGGGATGAACTGTTGTCCCCCAT
scaffold117_cov198;4765817;exon;TGTCCTCATCCACCTCCCCTTCCCAAAGCCCTTCCTCTGGCCAGCCCCAGACCCTGGATCGCTCTCAGTCTGCCCCGGCCGCCATGGAGCAGACCTCAGCACCAGGGCGGTGCCAGGACCACTCTGGCCTCCAGGAGCTTCCTCTGCCTTCATGCTCAGCAGAGGATGCTGGTTCGAAACCTCATCAGGTCCACCCTCACCCTCTGCCTGGCCATAGCAACTCCAAAGTGCCCCCTGTACCCAGTCCTTCAACAGACGTCCTCCAAACGTGTACCCCCACTGTAGACGGGACTCGAGCATCCCAGTATCCGGGGTGTGAGGTACAGCACGGAGCCACAGAGGGAGACGCTGAATCAGACAAGGTGGTGAACAGTTCAGAGGAACTTTCCCCTATTCAACCCATGGAGCAGGAGATGATTGAGCCTGACACAGCTGATGCCACAGAAGCCTGTCCAGACGCTCCTAGCCAGTGCGACTCTGTTGAGATGGGGTCCCCCACTGCATCCCAAGGCGTGGTGTCATCTGAGAGGGACCAGCCTGAAGGAGAGCACAGCTCCAGCTCAGACAGCATCCCCTCGCTGGCGGCCGCCCTAAAGGAGCTTCACGAGCTACTGGTGTCCAACAACCGGGCTCACTCTCAGAACCGCAGCGCCTCCTGCTCCCCGTCACATCCATTCAAACAGGAAACAGACGAAGTAGCCCCAGAAGCACGCACTCCGACACCCGAAAACGCCCATCCCCTCCCTTCTACTGTCGTCACAGCCGGTGCAGAACCAAGCGATGCCAAAGCCAACCATGCTGCTGCTGTGTCTGATGAGGGCCCATCTAAGTGTCCTGCGCCTGATCTCTCTGGCCAAGATGAGCATCTGGACGGAGATGCAGCAGAGACTGTGGAAGGACCGCCACAGTGTCTAGATGGCTCCGGGGAGAGGAGGACAGATAGTCGAGGGGAAGATGAAGCCAATAACATCAGCATTTTTCAGCCTGAGCCAGAGGTTCCCCCTGATCCTGCAGGGGACCTGGAGTTCAGGGAACCTCCTGAGGGGCAGCAGGGGAGAGGGATTGCAGATGGACGAGCATCTGGCACCAAACCCCCAGACACTCTCGGCCTCCAGACTGAGCACAATTTCCTCAGCCCTCTGTCAATGGCAGTGGGCTCACCTGAGGAAGTCTCTAGCACCTCGTCCCCCTCTTCCACTCCTCTTGCTCAGGCTCCTCAGCTTACGTCTCCAGCCACTCCTCTCCCTTCTCCGCATCCCTTTATAGAACAATTTCCAGCTGAGCACATCCAGAGAATCCAGGCAGCGGGCTTTTCTGCCATGGAGGCTGCCGAGGCACTGGAAAGAGCCCATGGGGTTGTGGAGCTAGCTCTGCTGGCACTTCTAGCCCGCAGTATCACTGTGCCCACC
scaffold139_cov178;847072;exon;GCAAGCCACGGGTGATGGAGGAGCTGCTCTAGAGACGGTCGCTGCTCGGGTTCTTCAGCCAGACAAAGATTTAATATGTCGTGGCAGCTTGGAGACAGGTCCTCATGGATGGGGAGTTCACCGTCCAGGAAACTTTTTGTTTCAAATGTGGCGTCCTCGTGCAGCATTTCGTAGACGACTATTCCCACCTGCCACACCGTCGTGGGACCGGCCGCGTAGGTGGAGCGGTCGTACCACTCTGGCGGGATGTGGTTCTCGGTGCCAGAGAAGAGCCCGTACGAGGCCTTCCTCTCGGTGAAGCAGCTGAGGCCAAAGTCGATCAGTCTCACCCGAGGGGCTTCCGAGCCGGTCTCAATGAGAATGTTCTCCAGCTTGATGTCCCGGTGGAAAACGTTCTGCGACTGGAGCTCCAAGGCTCCCTCCACCAGCTGCTTCAGCAAGAGACTGGCCGTCTCTTCCTGCAGGAAACCTCCAACGTGACTGATATATTCCAAGAGGTCCTGGCAGGGGTCAGGACGTTCCAGGACCAGGATGAGCTCCCGGTCCAAATCGTAGAAATCAAGCAGTGCAATGGCTCTGCAAGAGTTCCCCTCTGATCCTTTGGCCATTTTCAGCATGATCGCCACCTCAAGAGGGAGCGTCTGCTCATCACCGCCCTGCGGGGTGACCCTGTCCCTGCGGACACGTTTGATCGCCACAGGGAAATGGTCCTCTCTTCTGACACCAGCGAAGACAGATCCAAAGCCTCCTTCACCCAGGAGTTCCAGCTGCTCGTACGCAGCGTGGAAATCCCGTCTGCTGGTTTCCTCTGACGTGCAAGTGGTGGTGCTGTCGACCCAGTCCCACCTAGTCCAGCCGCGATCCAGTTCGGAGACTCGTGATGTTTTTCTTGGACCGTCTTCGTTGTCGGATGCTTTTCCCTTAGCAACCCCTGAGTCAGATGTCCTCTGACTCTTCCTGGTGTCTTGATCTTCTTCAGAGACTTTTCTTGACAAGCCCTCTCCTCGTTCAGAGCTGTGCTCAGAGACCTTCGTCTTCCTCTTTGTTGGATTCCCATCAGCACAGCTGTTTT
scaffold154_cov191;9913567;exon;TTTGCAGACTTGGGAGGAGGCGTCCAGGAAGTAGTTTCTGCCACATTCTAGCACACACTGTCCCTGCAGGGTGGCGTAGGGGGGCTGGCATTGCTGGCACTGTCCCGGACCCCGACACTCAGCACAGTGATCATCACAGC
scaffold163_cov193;2467940;exon;CTACATAATTTGGTTGTTTCGTATTCCATCGAGTTGGGCTGCTTGGCACTGAAAGTCTGCAGCGCTGCCTGGATCCTGGCAACGTCTGTGGTGGACAGTTTGAGCCGGTGCCGCAGCAGACAGGAGAAGAGGTCCAGAGGCTGCGCTCCGGGCGGGGAAAGCCTGTTGACCCGATCTCGGATCTCCAGCAGCTGCAGCAGGGCCGAGTCCTGCGATCCCTGAGTATATGGGTAGTCTAGCTGTAAAATCAGGTCCTGGATCGCTTCCGGGTCGAAGTGCATACTATAGCCATACACCTGGATGCTGTTTATCTTCATGTAGCCTAGATTCCGTCCCGGTTCCAGGTACTCCAAGGGTTCATAATATACAGTTCCATTTCCGTTACTTGAGGGCCCTCTGATGCGGCTCCTTAGGTAAAAGTGGACTGTCTCAAAAAACGTTTTCCACTTGTTTCCCAAAGTCAAAGTCCAGTTATAACAGTCATAGGGAAGGTCTAATTTAGTCCTCTCCCAGTCTGGGTAAATGTTCTGGTCTATGGGCATGATCCAGCTCTCCGAGTGGCTCCCCCCGAACGGATTGATGTAGACAGACAGCATGGGGTCCAGAGTGCTGTTCTTGGTAAGGCAGATCTGTAGAGACATCCCCAGGAGCATGTGGACGTGGTTTGACTTGTATTTGTTACTCTTCAGCGTCAGCAGCATCCTCTTCCTCCATGACGGGTCGAACCAGTTATTCAGCCTGACGTCGTTGCTGACAAAGATCCCGTGGATGCTGATGCGGTTGTCACGTTTCTGCAGAAGGTAGCGCAACTCCATGTCCTGCAGGTCCGTCTCGAAGCCGATGTAGTGGTCGGTGGAGTCGGGCACCTCGTTGCGGCACACGCCCTGACTCAGCATGTAACCCTGGTTGCAGGTGGCGCAGCGCGAGCGGTTCTCGTAGGAGCAGGAGGCGCAGGAGGTGCCCTCGCCCACCGTGCAGGGGATCACGCCCTGGCAGGGTGGGTGCTCGTAGGGGCAGGAGCAGCTCCTGGTCTCCTCCAGGTAGGAGCCGATGTGGTTGTTCTCGCTGCAGTACATGATGGAGAGGATGTAGTTGAGCCAGTAGCTGAAAGGC
scaffold167_cov210;643025;exon;CGTCCCTGGTCAGTGAGCTGAAGAGCTGGTGTCTGTCCAAGCTGCAGAACATGGAGTTTCGCTTTGCAGGAGACCCCAGCAGCACCAAGCTGCAGTGCTCCTCTGTCGCAGAGGGCCTAGATGAAGCTGATGGAGCCAGCCTCACTGCACCACCTTGTGGCCAGGGAGACAGCTCCCAGTGCCTGGAGCTCCAAAGTAGCCTTGCCCTCCTGGACTCATGCCGGGGGGAGCCCAGTGTGGCAGAGGAGGGCTCAGCTAACCATTACTTTGTGGTTCATGTGGAAAGCTCTCCAG
scaffold177_cov186;5724045;exon;TGTACCACTTACCCAGTCATCCCAGTAACGCCACCACATCAGACACCACCACTTCAGCCGGTGAGATCAGCCATGTGATCCTGCGGCATTACAACCACACCGGCCGCCTGCAGAACAGGACCGTCTCAAACAGCCAGAACCACATCAGTGTCGCCGCGGCCGTCTTCCTCTTCGTCAGTATTTTCATCATCCTGGAGAATCTGCTGGTGCTGGTGGCCGTCATCTCCCGCATCCGCAACAGCCGGCGCTGGGTTTATGTCTGCATTGCCAACATCACGCTGAGTGACCTCATCACCGGCGCTGCCTATGTGGTCAACATCTGTTTGTCAGGCAGCCAGACGTTTCGCCTCACCCCTGCTCTGTGGCTCTTCAGGGAAGGGATGCTGTTTGTGGCACTGGCCGCATCCATATTCAGCTTGCTACTGATTGCTGTGGAGCGTTACACCACCATGATGAAGCCGCTTCCCCAGAAGTCAGCCAAGAAGAGTTACTACAGGATCTTTGGCTTGGTGCTACTCTGCTGGCTTTTGGCCATGGTGATTGGCTTTCTCCCATTGATGGGCTGGAACTGTGTGTGCAGCCTGGAAGGATGCTCCACCCTCCTCCCTCTCTACTCAAAGTCCTACATCTTTTTCTCTCTCATCATCTTCTTCATCATCCTCCTGGCTATTGGGGTGCTCTATGGTGCCATCTACTGCCACGTACACAGGAGTGCACAGCTGGGCCCGCAGCGCAGTCGTAAGCGCTCCTTGGCCCTGCTTAAAACTGTGATCTCCATCGTTGGAGTCTTTATGCTTTGCTGGGGGCCACTCTTCGTGCTGTTGCTGGTGGATTTCTTCTGTATCTCCCGCCAGTGCGCTCTGCTGTTCAGTGCAGACTTTTGCATCGCACTGGCTGTCCTCAACTCCGGCCTGAACCCCATCATCTATGCCCTGGGCAGCAGTGACATGAGGAAGGCAATCGCAGAGCTGCTGTGCTGCTGCTGCCTGAGGTCTGGCCTCTGTCACCCAGACACATTTACATCCAAGGACACCAGCAGCACCTCTGAAACCAGGAGGGACAGCCTGAGAAACAGTTTTAACAAGGTCAGGAATCTGAGCGTGGCCTCCCCGCCATCAACGCCCAGCAAGCCTCGCAGGGCACCCAAAAAATACAGGCTGAGCTCCACCACCAGCTGCCTGTCAGTTTCAAGTGGT
scaffold203_cov183;3411436;exon;TCGCAGCGGTGGAGCAGGATGTGGTGACACAGACAGAGACTCTGGTGACGACCCGCACAGAGATTAAGGACCTGAAGAGCACTGTCCAGAGGCTTCAGATTGAACTGCAGTCCCATTTGAGCATG
scaffold227_cov207;138661;exon;TGTTTACTGTTTCTCTCTGCTCCTACTGTTCTTGTTTCTCCTGCAGAGGACCCTGTTTCTCACAGAATCCAGCAGAGAAGAAGAAGCCAAGCAGACCCTCTGAGAAAAGTGTTACTGACCACACAGATCAAGGTCAGTCCACAAGG
scaffold228_cov204;46895;exon;TGTACTTCCTGACTCCACGGAAATGTGGCCTTTTTGGTGTCTCCTGTGAAGGGCTGCAAAAACAGGTGAATTTCCTGATTGATGAAGGCATGTCATCAAGTAAGGGGAGCAATGAAGTCATCAGCTACATGCATCATTTCTTCAGCTACTTCGGAGTTGGAGAAACAGACGTGGATCTTCATTGTGACAACTGCAGTGGGCAAAACAATAACAACTTCATGCTGTGGTACGCTGCCTGGCGGGTTGGACACAGGCTTCATGACACAATTGACCTCCACTTCCTTATTGCTGGCCACACCAAATTTTCCCCTGACTGTGGCTTTGGACTAATCAAGCAAGCATACATGAAGACCAGAGTCAACACTTTGGCAGACATCGCTGAGGTAGTGGAAAACAGCTCTCCTGAGAGTCACCTCAATATCCCACAGCTTGTTGGAAATGCAGATGGCAGAGTGTTAGTCAAGACCTTCGACTGGCAGAAGCATCTGAGTCCCAAGTTCCGAAAGCTACCACTGATCAAGAGTTATCAGCACTTCAGCTTTGATGCTAAGAGACCAGGTGTAGTGCTTGCAAGAACTCACTGTGATGCAGAACCTGTCGAATTCCAGCTACTGTGCGATTCAGCGGTTTTGCCCCCTGTTGACAGTCTTCCTGTCCTTGCCCCACCTGGACTGAACATTGACAGGCAGACCTATCTTTATGAAAAAATCAGACCTTTCTGTGCTGACGAGGCAAGAGACTTCACGTGCCCAGCGCCAAGGGTCACAGCACAGAAGAGTCCACAGAAGAGTATGCAGAAGAGGATGCGGATG
scaffold240_cov187;8470483;exon;TCGTCAAAGCTGGTGAGGTTCCCTTGCGACAGTTCAATTCCAAAGGCAATGAAGCAGATGATGGCCGCCACCCACATCAGACACTGCAGCCCTCCAGCAAGCTGCCTGGCAAACTTCACATACTCTGGAGTTCCTTTAGGGGGCTTCAGCTCATTGGGACCGTCTCTCTCCAAGATCTGACTTGCAAAGGTGGAGGTCAAACC
scaffold251_cov171;705813;exon;TACAGTCGTGGCGAGCCCCCTCCACCTGCTGGCGACCCACGCCTCCGCCTCCGCCCTCCTGCCCACCAAACGACAGAACGGGGACCAGCTGGCCGCCGAGCAGCCCGACGCCAAGCGCATCAAATCAGAAGACGAGGCGGCCCCGACCTCCTCGACCCCGGCGGACTCGTCAGCAGCTAACAACTCGGGAGCCCACAA
scaffold340_cov184;7964973;exon;TTCAGGGCTCCCAGGGTGACCGAGTCCTTCCCCTCGGAGGAGTATGTGAGCGAGGATCGTTTCGCGGTGGCATAGGAGGCGTACGAGGGGGCAGAGGAGGTGGAGGAGGACGTTAAACGGGGCAGAGTGGATGTAGAGGAAGGGAGGGGCTGAGTCTGTCTGTCGGTAGTGCAGTAAGCCGGGGAGGAAGACCTGCCCTTGCTTTGGAGGCTGCTGCTGCTGCTGCTCTGCAGGGGGGAGCTGGACGTTTTCGGGCCTCGGGTCAGCGACGACGTGGAGGAGCTGGAGAGGGGCGAGGTCCTCATGCCGTAACCGAGGATGCCTGTGCTCATGAGAAACTCCCTGGAGCCGTAGGCCGGAGGAGTCGGTCCGCGGGAGCCCGGCGGTCGGATGTTTTCTGGCGGTAGGCTCCTCCTGCAGGGGATGTCGTAGATCCCCACGTCCGGGCCGTAGAGCGCCTGGGATCTGGCCTGGTGGCGCAGCATCCTCTCCCTCTCCTCCATCTCCCGCCTCCCGTGGATGGACGCCATGATGGTTTTTGAGAAGTTGTCGTAGCGCGCGGCGGCAGACTTCGGGGGTGTCAAGCCCTGCGGGCCCAGATCGCGGAGG
scaffold342_cov182;2199669;exon;ATTGTGTTGATTGATGAGTTCAACACCGATCCTGATATATTCGTGTTCCTGTTGTCAACGCGTGCTGGTGGCCTGGGCATCAACCTCACCTCAGCTAATGTCGTCATTCTGCATGACATCGACTGCAATCCCTACAATGACAAACAGGCAGAAGACAGATGTCATCGTGTAGGCCAGACTAA
scaffold409_cov185;1516831;exon;AATCTGGAGGAGTTGTCATTTCTAATGGTCTTGGCGTTTCCAAAGGCCTCCAGGGCAGGATTGGCCTGGATGATTTGATCCTCCAGGGTGCC
scaffold973_cov168;556106;exon;TTGGAGAGCTGCAGTTTGTCAGAGATCAGCTGTGCTTCTCTGGCTTCAGCTCTGAAGTCCAACCCCTCCCATCTGAGAGAGCTGGAGCTGAGCGCGAACGACCTGCAGGATTCAGGAGTGAAGTTGCTGTCCGAACTTGTGGAGAGTCCAAACTGTCGACTGGAGACTCTGAG
scaffold1125_cov199;559696;exon;TGCAAGTCTGCTGGTTGGCAGAGACTGGACCAGTCCACTCTGAGGCCTCCAGACCAGCAGGGCCTCCAGGATCTTGGTGTCAGGTAGCTGCTGCAGGCTGGCCAGGTGAAGCTCCTGTCTAGGTAAACTCAGCGCTTGTCCCAGGCTGCGCTGAAGGCCTCTCCAGTGGTCGCCCAGAAACTCCTCCGATGACAACCCGAACAGCTGCAGCGTCAGGCCAGAGTCCAGTGCCCTCTGACTGGCCTTCCACACGTGAACTTTGACCCCAGTCCAGACGCTGAACTTCCCATCAGTTACGCTGACGTTGAGGGAGTAGGAGCCCTCCTCCAGGTTTTCATCCGCCCAGATTTTCCCATCAGACATGTCGACGGAAAATCTCCCCTCATCTGGATTCTCTGATACCAGCTTGTAGGTCAGGACGTCCTGCAGGTCCTGGTCGGAGGCGTGAAGCCTGCCGATGACCCGGTTGGCAAACAGTCCACCGGAGGTCGTGATGAAGACCTCCAAAGGCACCACAGAGGGAGGATACTTGCTCTGCTCTGTTACATTGATGTTAACCACACAGATGGAGGAGAGGGGAGGGTGGCCGCTGTCTGTCAC
scaffold1173_cov203;41736;exon;TGGAGGTGGGCATGGAAGAACATGGCAGGGCTCTAACAGATTACTTCAACTTGAAGTCTACAAACGACAAAGTGAGGGCTGTTCTGGCTGGTCTCCATGGCACTCCAAGAAGCATCCTGCAATTGTTGATGGCACACTTCAAGGAAGAGATGGATGCCGTCTTCATTGAGGCAGAT
scaffold1547_cov185;1061313;exon;GGACGCTCACGTGGAGGCGGGTCACTTCGACTGTGTCGTGTACCTGCGGCTGTGGAGCGGAGACCTGGAGGGGGCGCTGCAGCTCGCCACAGAGAGAGGAGAGCTGAACGACCACCTGCTCTCAGTCGCTCCTATGG
scaffold1733_cov102;12150;exon;TGCAGGTTTTCCAGCCCAGCTCTCCTGTTAACTGCAGGCTGAAGCCCAGGAGCTGCAGCAGAGAGACCAACTGCTCGGCCTCCTCTCTGGATCTCACACAGATTAATGTGCACACACGCTGGAAGAACTCTGGATCAACA
scaffold1810_cov185;275490;exon;GGTTGCTGGAAATAGGCAGCAGAGGGCACTGGCATCCCGGTGCCAGATGCCCCTATGCCAGGAACCCCCGGTAGAAGTGAGCTGCTGTGATTGCTGGAAACAGACAGCAGAGGGCATTTGCATCCCGGTGCCAGGAGCCCCGATTGAAGCGAGCTACTGTGGTTGCTGGAAACAGGCAGCGGAGGGCTGGCATCCCGGTGCCAGGAGCCCCGGTTGAAGCGAGGTGCTGTGGTTTCTGGAAACAGGCAGCGGAGGGCGCTGGCATCCCGTTGCCAGGAGCCCCGATTGAAGCGAACTTCTGTAATTGCTGGAAACAGACAGCAGAGGGCATTTGCATCCCGGTGCCAGGAGCCCCGGTTGAAGCGAGCTGCTGTGGTTGCTGGAAACAGGCAGCAGAGGGCGCTGGCATCCCGGTGCCAGAAGCCCCGGTTGAAGTGAGCTGCTGTGGTTGCTGGAAGCAGGCAGCAGAGGGCGCTGGCACCCCGGTGCCAGGAGCCCCGGTTGAAGAGAGCTGCTGTGGTTGCTGGAAACGGGCACCTGAAGGTGCTGGCATCCCGGTGCCATGAGCCCCGGTTGAAGCAATCTGCTGTGGTTACTGGAAGCAGGCAGCAGAGGGCGCTGGCACCCCGGTGCCAGGAGCCCCGGTTGAAGCGAGCTGCTGTGGTTGCTGGAAGCTGGCAGCAGAGGGCGCTGGCACCTGTAGCTGTGCATAACGTGAAATTAGTGGTTGCCTGCTGAGGGGGAAGAACAGGTGCTGGCATCCTGGTGCCGACGTCCCCAGCCGACATGAACTCCTGGGACTGATGGAGCTGGGAGAGGGAAGATCCCTGCAT
scaffold2031_cov211;670856;exon;TAGACGCGGGGAATGATCCTGTAGCGAACAGTTCTGCAGTACTCGTCCCACGCTGAGCCGTACTTCCTCCTGCATTCGCTCATGTCTCTGGAATCTCTGTGCACAAGCAGGATGATGAAGTAGATCATGTAGTACCACGGGAGGAGGTGGCTGAAGC
scaffold2031_cov211;676414;exon;AGACAGTTTGGGGTCTGATGGGTTTCTCCTGAAGGCGTTTTTCTCAGAGTTTGATTTCCTGAAGATGTAGAAGCCAACAA
scaffold2329_cov211;74841;exon;CTGCACTACCCTCAGTCCCACCAGACACCAAGCTGTCCAAGCTGGATGTTCTGGTTCTGGCTACTAACTACATTGCTTACCTAACGGAGACCCTTGACCAGGGACAGACGCTGGCTGAGCACACCCTGCCCACCAGGCCAGGTGGATACCTGCATCCTGTTAAG
scaffold2358_cov202;29256;exon;CTGGCTGTCAAGCACACTCTGCACCACCTCCTCCAGGCCCACCATGTAGATGAACTCGCTGTTGGCGGCAGATGGCAGGAAGTGGAGAAGTGGGGCGGGAGGTTTGGGTGGAGGGATCTCCAGCAGGGTTTTCTCCAGCTGCTTCCTCAGGGCCAGCTTGGCAGCAGCCTGGCTGCTAGCCTGGTCGGCCATGGAGCTCACCCCTCCGCTGGCTGAGCTGGACATGGTGGACGGGCTGACGGCCGAAGCTCCGCCTAGGCCACCCCCAACACCGCCGGCTGCCGCCGCCTGCATGTGGGCCAGGTTCATGTACATGGCACTGGAGCCTGAGCGCTGGGAAGCTGCCACCTGCTGGCTGGCCTGCAGGGACACACACATTCG
scaffold2358_cov202;33401;exon;TGTGCAGTGCGGAGGTTCTGGGGCTCAGGGTTGTGCAGGCCTGGCCTCACTGGCAGCTTCCCCAGACCAGCGGAGCTGTGGATAGGAGAAGGCTGCACAGAGGACGCAGCATTCTGGACCACTGGGAC
scaffold209458_cov190;2893446;exon;GGTGGCCAGTCCCCCGTCTATGGCTGCTGGTGCAAGCATCGAGGGGGCGCTGTACAGCTCCCCTCTCCCCCAGCAGGGTGGAGGGGTGTCAGCTACAACAGCTGGGGCAGGAGCAGCCATCAGTCTGGAAGGCTTTGAGGCTTCATTTGGGAGCCAGTTTTCTGATCTCATCAATGATTTCATCTCAGTTGAGGGGTCTGGAGGTGGGGTGGGGGCAGCTGTCACTGGGGTTCTCATGCCCCAGGAGGGGGCAGCAGGAGAGGAGCAGGGCACAGGACCAGGCCACCTGCAGGGCTCGGAGGTGGAGCAGGGAGCACTGGGACTGCTGCAGGAGACTGGGAGGCTGTTTGGTGTGACAGACTACTCCCCAGAGTGGTCTTATCCTGAG
